province,city,year,price_yuan_per_sqm,yoy_pct
上海,上海,2010,22311,
上海,上海,2011,22483,0.77
上海,上海,2012,23240,3.37
上海,上海,2013,29738,27.96
上海,上海,2014,30277,1.81
上海,上海,2015,34955,15.45
上海,上海,2016,51724,47.97
上海,上海,2017,49616,-4.08
上海,上海,2018,49050,-1.14
上海,上海,2019,50540,3.04
上海,上海,2020,50486,-0.11
云南,临沧,2019,6898,
云南,临沧,2020,7021,1.78
云南,临沧,2021,7188,2.38
云南,临沧,2022,6959,-3.19
云南,临沧,2023,6706,-3.64
云南,临沧,2024,6532,-2.59
云南,丽江,2015,5059,
云南,丽江,2016,5049,-0.20
云南,丽江,2017,5536,9.65
云南,丽江,2018,7178,29.66
云南,丽江,2019,7477,4.17
云南,丽江,2020,7691,2.86
云南,丽江,2021,8074,4.98
云南,丽江,2022,7411,-8.21
云南,丽江,2023,7797,5.21
云南,丽江,2024,7690,-1.37
云南,保山,2016,5247,
云南,保山,2017,6385,21.69
云南,保山,2018,7048,10.38
云南,保山,2019,8096,14.87
云南,保山,2020,8144,0.59
云南,保山,2021,7204,-11.54
云南,保山,2022,6978,-3.14
云南,保山,2023,6578,-5.73
云南,保山,2024,6548,-0.46
云南,大理,2015,6340,
云南,大理,2016,6483,2.26
云南,大理,2017,9252,42.71
云南,大理,2018,11693,26.38
云南,大理,2019,12921,10.50
云南,大理,2020,12831,-0.70
云南,大理,2021,12221,-4.75
云南,大理,2022,10521,-13.91
云南,大理,2023,9407,-10.59
云南,大理,2024,9237,-1.81
云南,德宏,2019,6838,
云南,德宏,2020,7385,8.00
云南,德宏,2021,6972,-5.59
云南,德宏,2022,6604,-5.28
云南,德宏,2023,6525,-1.20
云南,德宏,2024,6473,-0.80
云南,文山,2016,3739,
云南,文山,2017,4996,33.62
云南,文山,2018,4625,-7.43
云南,文山,2019,5163,11.63
云南,文山,2020,5407,4.73
云南,文山,2021,5702,5.46
云南,文山,2022,5458,-4.28
云南,文山,2023,5261,-3.61
云南,文山,2024,5238,-0.44
云南,昆明,2011,8771,
云南,昆明,2012,8498,-3.11
云南,昆明,2013,8594,1.13
云南,昆明,2014,8029,-6.57
云南,昆明,2015,8136,1.33
云南,昆明,2016,8417,3.45
云南,昆明,2017,9692,15.15
云南,昆明,2018,12199,25.87
云南,昆明,2019,13007,6.62
云南,昆明,2020,13129,0.94
云南,昆明,2021,13328,1.52
云南,昆明,2022,12142,-8.90
云南,昆明,2023,11433,-5.84
云南,昆明,2024,11374,-0.52
云南,昭通,2017,4724,
云南,昭通,2018,5817,23.14
云南,昭通,2019,5980,2.80
云南,昭通,2020,6034,0.90
云南,昭通,2021,5825,-3.46
云南,昭通,2022,5826,0.02
云南,昭通,2023,5408,-7.17
云南,昭通,2024,5364,-0.81
云南,普洱,2015,4560,
云南,普洱,2016,4686,2.76
云南,普洱,2017,4686,0.00
云南,普洱,2018,5846,24.75
云南,普洱,2019,7240,23.85
云南,普洱,2020,7957,9.90
云南,普洱,2021,7985,0.35
云南,普洱,2022,7729,-3.21
云南,普洱,2023,7182,-7.08
云南,普洱,2024,7132,-0.70
云南,曲靖,2015,3745,
云南,曲靖,2016,3817,1.92
云南,曲靖,2017,3959,3.72
云南,曲靖,2018,4672,18.01
云南,曲靖,2019,5259,12.56
云南,曲靖,2020,5517,4.91
云南,曲靖,2021,6116,10.86
云南,曲靖,2022,5932,-3.01
云南,曲靖,2023,5649,-4.77
云南,曲靖,2024,5660,0.19
云南,楚雄,2015,4242,
云南,楚雄,2016,4350,2.55
云南,楚雄,2017,4499,3.43
云南,楚雄,2018,4715,4.80
云南,楚雄,2019,5227,10.86
云南,楚雄,2020,5366,2.66
云南,楚雄,2021,5481,2.14
云南,楚雄,2022,5208,-4.98
云南,楚雄,2023,4994,-4.11
云南,楚雄,2024,4930,-1.28
云南,玉溪,2015,7084,
云南,玉溪,2016,6376,-9.99
云南,玉溪,2017,6591,3.37
云南,玉溪,2018,7443,12.93
云南,玉溪,2019,7565,1.64
云南,玉溪,2020,7708,1.89
云南,玉溪,2021,7727,0.25
云南,玉溪,2022,7383,-4.45
云南,玉溪,2023,6205,-15.96
云南,玉溪,2024,6107,-1.58
云南,红河,2015,3995,
云南,红河,2016,3933,-1.55
云南,红河,2017,4011,1.98
云南,红河,2018,4238,5.66
云南,红河,2019,5348,26.19
云南,红河,2020,5398,0.93
云南,红河,2021,5701,5.61
云南,红河,2022,5340,-6.33
云南,红河,2023,5040,-5.62
云南,红河,2024,4977,-1.25
云南,西双版纳,2016,4901,
云南,西双版纳,2017,8362,70.62
云南,西双版纳,2018,11191,33.83
云南,西双版纳,2019,8358,-25.31
云南,西双版纳,2020,8212,-1.75
云南,西双版纳,2021,7445,-9.34
云南,西双版纳,2022,7593,1.99
云南,西双版纳,2023,7151,-5.82
云南,西双版纳,2024,7155,0.06
云南,迪庆,2019,4925,
云南,迪庆,2020,4925,0.00
云南,迪庆,2021,4893,-0.65
云南,迪庆,2022,4893,0.00
云南,迪庆,2023,5150,5.25
云南,迪庆,2024,5150,0.00
内蒙古,乌兰察布,2018,5358,
内蒙古,乌兰察布,2019,5001,-6.66
内蒙古,乌兰察布,2020,4977,-0.48
内蒙古,乌兰察布,2021,4781,-3.94
内蒙古,乌兰察布,2022,4895,2.38
内蒙古,乌兰察布,2023,4286,-12.44
内蒙古,乌兰察布,2024,4467,4.22
内蒙古,乌海,2017,4386,
内蒙古,乌海,2018,4893,11.56
内蒙古,乌海,2019,4903,0.20
内蒙古,乌海,2020,4842,-1.24
内蒙古,乌海,2021,5516,13.92
内蒙古,乌海,2022,5332,-3.34
内蒙古,乌海,2023,5860,9.90
内蒙古,乌海,2024,5863,0.05
内蒙古,兴安盟,2017,4446,
内蒙古,兴安盟,2018,4976,11.92
内蒙古,兴安盟,2019,5513,10.79
内蒙古,兴安盟,2020,5511,-0.04
内蒙古,兴安盟,2021,5582,1.29
内蒙古,兴安盟,2022,5594,0.21
内蒙古,兴安盟,2023,5670,1.36
内蒙古,兴安盟,2024,5700,0.53
内蒙古,包头,2015,5668,
内蒙古,包头,2016,5814,2.58
内蒙古,包头,2017,6526,12.25
内蒙古,包头,2018,7322,12.20
内蒙古,包头,2019,7925,8.24
内蒙古,包头,2020,8198,3.44
内蒙古,包头,2021,7957,-2.94
内蒙古,包头,2022,7577,-4.78
内蒙古,包头,2023,7424,-2.02
内蒙古,包头,2024,7359,-0.88
内蒙古,呼伦贝尔,2016,4553,
内蒙古,呼伦贝尔,2017,3732,-18.03
内蒙古,呼伦贝尔,2018,3862,3.48
内蒙古,呼伦贝尔,2019,4333,12.20
内蒙古,呼伦贝尔,2020,4500,3.85
内蒙古,呼伦贝尔,2021,4796,6.58
内蒙古,呼伦贝尔,2022,4682,-2.38
内蒙古,呼伦贝尔,2023,4862,3.84
内蒙古,呼伦贝尔,2024,4897,0.72
内蒙古,呼和浩特,2011,6987,
内蒙古,呼和浩特,2012,6762,-3.22
内蒙古,呼和浩特,2013,6660,-1.51
内蒙古,呼和浩特,2014,4997,-24.97
内蒙古,呼和浩特,2015,5418,8.43
内蒙古,呼和浩特,2016,6597,21.76
内蒙古,呼和浩特,2017,7893,19.65
内蒙古,呼和浩特,2018,10466,32.60
内蒙古,呼和浩特,2019,11279,7.77
内蒙古,呼和浩特,2020,11602,2.86
内蒙古,呼和浩特,2021,10936,-5.74
内蒙古,呼和浩特,2022,10257,-6.21
内蒙古,呼和浩特,2023,9344,-8.90
内蒙古,呼和浩特,2024,9167,-1.89
内蒙古,巴彦淖尔,2015,5009,
内蒙古,巴彦淖尔,2016,5290,5.61
内蒙古,巴彦淖尔,2017,5274,-0.30
内蒙古,巴彦淖尔,2018,5699,8.06
内蒙古,巴彦淖尔,2019,5444,-4.47
内蒙古,巴彦淖尔,2020,5456,0.22
内蒙古,巴彦淖尔,2021,5462,0.11
内蒙古,巴彦淖尔,2022,5392,-1.28
内蒙古,巴彦淖尔,2023,5409,0.32
内蒙古,巴彦淖尔,2024,5457,0.89
内蒙古,海拉尔,2018,4792,
内蒙古,海拉尔,2019,4604,-3.92
内蒙古,海拉尔,2020,4589,-0.33
内蒙古,海拉尔,2021,4537,-1.13
内蒙古,海拉尔,2022,4537,0.00
内蒙古,海拉尔,2023,4508,-0.64
内蒙古,海拉尔,2024,4504,-0.09
内蒙古,赤峰,2015,5718,
内蒙古,赤峰,2016,6073,6.21
内蒙古,赤峰,2017,7321,20.55
内蒙古,赤峰,2018,8732,19.27
内蒙古,赤峰,2019,9729,11.42
内蒙古,赤峰,2020,9839,1.13
内蒙古,赤峰,2021,8272,-15.93
内蒙古,赤峰,2022,7590,-8.24
内蒙古,赤峰,2023,7212,-4.98
内蒙古,赤峰,2024,7227,0.21
内蒙古,通辽,2015,4483,
内蒙古,通辽,2016,5069,13.07
内蒙古,通辽,2017,5807,14.56
内蒙古,通辽,2018,6505,12.02
内蒙古,通辽,2019,6610,1.61
内蒙古,通辽,2020,6385,-3.40
内蒙古,通辽,2021,6421,0.56
内蒙古,通辽,2022,6429,0.12
内蒙古,通辽,2023,6273,-2.43
内蒙古,通辽,2024,6325,0.83
内蒙古,鄂尔多斯,2015,4349,
内蒙古,鄂尔多斯,2016,4442,2.14
内蒙古,鄂尔多斯,2017,5551,24.97
内蒙古,鄂尔多斯,2018,6199,11.67
内蒙古,鄂尔多斯,2019,6965,12.36
内蒙古,鄂尔多斯,2020,7199,3.36
内蒙古,鄂尔多斯,2021,7544,4.79
内蒙古,鄂尔多斯,2022,7931,5.13
内蒙古,鄂尔多斯,2023,8424,6.22
内蒙古,鄂尔多斯,2024,8471,0.56
内蒙古,锡林郭勒盟,2018,4668,
内蒙古,锡林郭勒盟,2019,4722,1.16
内蒙古,锡林郭勒盟,2020,4762,0.85
内蒙古,锡林郭勒盟,2021,4978,4.54
内蒙古,锡林郭勒盟,2022,4924,-1.08
内蒙古,锡林郭勒盟,2023,5358,8.81
内蒙古,锡林郭勒盟,2024,5363,0.09
北京,北京,2010,24535,
北京,北京,2011,24964,1.75
北京,北京,2012,29916,19.84
北京,北京,2013,40019,33.77
北京,北京,2014,36995,-7.56
北京,北京,2015,39121,5.75
北京,北京,2016,57136,46.05
北京,北京,2017,57305,0.30
北京,北京,2018,59389,3.64
北京,北京,2019,58091,-2.19
北京,北京,2020,57830,-0.45
北京,北京,2021,58688,1.48
北京,北京,2022,59675,1.68
北京,北京,2023,59261,-0.69
北京,北京,2024,58950,-0.52
吉林,吉林,2011,5513,
吉林,吉林,2012,5711,3.59
吉林,吉林,2013,5507,-3.57
吉林,吉林,2016,5390,-2.12
吉林,吉林,2017,5753,6.73
吉林,吉林,2018,6546,13.78
吉林,吉林,2019,7468,14.08
吉林,吉林,2020,7650,2.44
吉林,吉林,2021,7153,-6.50
吉林,吉林,2022,6373,-10.90
吉林,吉林,2023,5971,-6.31
吉林,吉林,2024,5953,-0.30
吉林,四平,2016,3648,
吉林,四平,2017,4685,28.43
吉林,四平,2018,4973,6.15
吉林,四平,2019,5109,2.73
吉林,四平,2020,5306,3.86
吉林,四平,2021,4982,-6.11
吉林,四平,2022,4433,-11.02
吉林,四平,2023,4264,-3.81
吉林,四平,2024,4183,-1.90
吉林,延边,2016,4672,
吉林,延边,2017,4836,3.51
吉林,延边,2018,5335,10.32
吉林,延边,2019,5292,-0.81
吉林,延边,2020,5288,-0.08
吉林,延边,2021,5403,2.17
吉林,延边,2022,5264,-2.57
吉林,延边,2023,5348,1.60
吉林,延边,2024,5364,0.30
吉林,松原,2015,4150,
吉林,松原,2016,4340,4.58
吉林,松原,2017,4394,1.24
吉林,松原,2018,4536,3.23
吉林,松原,2019,4507,-0.64
吉林,松原,2020,4556,1.09
吉林,松原,2021,4686,2.85
吉林,松原,2022,4723,0.79
吉林,松原,2023,4640,-1.76
吉林,松原,2024,4627,-0.28
吉林,白城,2015,3944,
吉林,白城,2016,4123,4.54
吉林,白城,2017,4935,19.69
吉林,白城,2018,5166,4.68
吉林,白城,2019,4853,-6.06
吉林,白城,2020,4822,-0.64
吉林,白城,2021,4638,-3.82
吉林,白城,2022,4508,-2.80
吉林,白城,2023,4412,-2.13
吉林,白城,2024,4478,1.50
吉林,白山,2017,3412,
吉林,白山,2018,3786,10.96
吉林,白山,2019,4123,8.90
吉林,白山,2020,4138,0.36
吉林,白山,2021,4283,3.50
吉林,白山,2022,4243,-0.93
吉林,白山,2023,4638,9.31
吉林,白山,2024,4389,-5.37
吉林,辽源,2015,3912,
吉林,辽源,2016,3968,1.43
吉林,辽源,2017,4004,0.91
吉林,辽源,2018,4154,3.75
吉林,辽源,2019,4602,10.78
吉林,辽源,2020,4590,-0.26
吉林,辽源,2021,4818,4.97
吉林,辽源,2022,4622,-4.07
吉林,辽源,2023,4314,-6.66
吉林,辽源,2024,4356,0.97
吉林,通化,2015,3245,
吉林,通化,2016,3825,17.87
吉林,通化,2017,4461,16.63
吉林,通化,2018,5031,12.78
吉林,通化,2019,5100,1.37
吉林,通化,2020,5094,-0.12
吉林,通化,2021,5117,0.45
吉林,通化,2022,5081,-0.70
吉林,通化,2023,4871,-4.13
吉林,通化,2024,4801,-1.44
吉林,长春,2011,6637,
吉林,长春,2012,6498,-2.09
吉林,长春,2013,7171,10.36
吉林,长春,2014,6941,-3.21
吉林,长春,2015,6715,-3.26
吉林,长春,2016,6782,1.00
吉林,长春,2017,7422,9.44
吉林,长春,2018,9121,22.89
吉林,长春,2019,9513,4.30
吉林,长春,2020,9513,0.00
吉林,长春,2021,9398,-1.21
吉林,长春,2022,8844,-5.89
吉林,长春,2023,8134,-8.03
吉林,长春,2024,8006,-1.57
四川,乐山,2015,4137,
四川,乐山,2016,4167,0.73
四川,乐山,2017,4873,16.94
四川,乐山,2018,5751,18.02
四川,乐山,2019,5393,-6.23
四川,乐山,2020,5480,1.61
四川,乐山,2021,5868,7.08
四川,乐山,2022,5256,-10.43
四川,乐山,2023,4620,-12.10
四川,乐山,2024,4778,3.42
四川,内江,2015,4712,
四川,内江,2016,4798,1.83
四川,内江,2017,5299,10.44
四川,内江,2018,6200,17.00
四川,内江,2019,6432,3.74
四川,内江,2020,6235,-3.06
四川,内江,2021,6101,-2.15
四川,内江,2022,5643,-7.51
四川,内江,2023,5143,-8.86
四川,内江,2024,5054,-1.73
四川,凉山,2017,8008,
四川,凉山,2018,9608,19.98
四川,凉山,2019,9123,-5.05
四川,凉山,2020,9231,1.18
四川,凉山,2021,9203,-0.30
四川,凉山,2022,9222,0.21
四川,凉山,2023,8814,-4.42
四川,凉山,2024,8935,1.37
四川,南充,2015,4748,
四川,南充,2016,4836,1.85
四川,南充,2017,5843,20.82
四川,南充,2018,6850,17.23
四川,南充,2019,6645,-2.99
四川,南充,2020,6443,-3.04
四川,南充,2021,6083,-5.59
四川,南充,2022,5969,-1.87
四川,南充,2023,5680,-4.84
四川,南充,2024,5556,-2.18
四川,宜宾,2015,6791,
四川,宜宾,2016,6881,1.33
四川,宜宾,2017,6580,-4.37
四川,宜宾,2018,7464,13.43
四川,宜宾,2019,7271,-2.59
四川,宜宾,2020,7091,-2.48
四川,宜宾,2021,7072,-0.27
四川,宜宾,2022,7475,5.70
四川,宜宾,2023,6629,-11.32
四川,宜宾,2024,6506,-1.86
四川,巴中,2016,4298,
四川,巴中,2017,4315,0.40
四川,巴中,2018,4562,5.72
四川,巴中,2019,4820,5.66
四川,巴中,2020,4842,0.46
四川,巴中,2021,4783,-1.22
四川,巴中,2022,4766,-0.36
四川,巴中,2023,4815,1.03
四川,巴中,2024,4717,-2.04
四川,广元,2016,2308,
四川,广元,2017,6133,165.73
四川,广元,2018,5665,-7.63
四川,广元,2019,6680,17.92
四川,广元,2020,6710,0.45
四川,广元,2021,6939,3.41
四川,广元,2022,6762,-2.55
四川,广元,2023,6974,3.14
四川,广元,2024,7018,0.63
四川,广安,2015,5108,
四川,广安,2016,5225,2.29
四川,广安,2017,5289,1.22
四川,广安,2018,5840,10.42
四川,广安,2019,5789,-0.87
四川,广安,2020,5677,-1.93
四川,广安,2021,5457,-3.88
四川,广安,2022,5237,-4.03
四川,广安,2023,4756,-9.18
四川,广安,2024,4622,-2.82
四川,德阳,2016,3666,
四川,德阳,2017,4935,34.62
四川,德阳,2018,5816,17.85
四川,德阳,2019,5953,2.36
四川,德阳,2020,5922,-0.52
四川,德阳,2021,6163,4.07
四川,德阳,2022,6707,8.83
四川,德阳,2023,6097,-9.09
四川,德阳,2024,6224,2.08
四川,成都,2010,7970,
四川,成都,2011,8409,5.51
四川,成都,2012,8382,-0.32
四川,成都,2013,8528,1.74
四川,成都,2014,8210,-3.73
四川,成都,2015,8147,-0.77
四川,成都,2016,8522,4.60
四川,成都,2017,11937,40.07
四川,成都,2018,13067,9.47
四川,成都,2019,13021,-0.35
四川,成都,2020,13125,0.80
四川,成都,2021,14079,7.27
四川,成都,2022,15547,10.43
四川,成都,2023,13902,-10.58
四川,成都,2024,13892,-0.07
四川,攀枝花,2015,4272,
四川,攀枝花,2016,3963,-7.23
四川,攀枝花,2017,3972,0.23
四川,攀枝花,2018,4833,21.68
四川,攀枝花,2019,6221,28.72
四川,攀枝花,2020,5963,-4.15
四川,攀枝花,2021,6058,1.59
四川,攀枝花,2022,5695,-5.99
四川,攀枝花,2023,5268,-7.50
四川,攀枝花,2024,5298,0.57
四川,泸州,2015,4619,
四川,泸州,2016,4910,6.30
四川,泸州,2017,5942,21.02
四川,泸州,2018,6746,13.53
四川,泸州,2019,6354,-5.81
四川,泸州,2020,6400,0.72
四川,泸州,2021,6241,-2.48
四川,泸州,2022,6257,0.26
四川,泸州,2023,5863,-6.30
四川,泸州,2024,5807,-0.96
四川,甘孜,2021,8248,
四川,甘孜,2022,8234,-0.17
四川,甘孜,2023,7637,-7.25
四川,甘孜,2024,8194,7.29
四川,眉山,2015,3737,
四川,眉山,2016,3738,0.03
四川,眉山,2017,4300,15.03
四川,眉山,2018,6075,41.28
四川,眉山,2019,5906,-2.78
四川,眉山,2020,5829,-1.30
四川,眉山,2021,5951,2.09
四川,眉山,2022,5664,-4.82
四川,眉山,2023,5668,0.07
四川,眉山,2024,5655,-0.23
四川,绵阳,2011,5338,
四川,绵阳,2012,4984,-6.63
四川,绵阳,2013,4975,-0.18
四川,绵阳,2015,4672,-6.09
四川,绵阳,2016,5191,11.11
四川,绵阳,2017,6848,31.92
四川,绵阳,2018,7540,10.11
四川,绵阳,2019,7545,0.07
四川,绵阳,2020,7634,1.18
四川,绵阳,2021,7813,2.34
四川,绵阳,2022,8177,4.66
四川,绵阳,2023,7126,-12.85
四川,绵阳,2024,7192,0.93
四川,自贡,2015,5035,
四川,自贡,2016,5768,14.56
四川,自贡,2017,5634,-2.32
四川,自贡,2018,6097,8.22
四川,自贡,2019,5923,-2.85
四川,自贡,2020,5637,-4.83
四川,自贡,2021,5522,-2.04
四川,自贡,2022,5577,1.00
四川,自贡,2023,4687,-15.96
四川,自贡,2024,4651,-0.77
四川,资阳,2015,4618,
四川,资阳,2016,4291,-7.08
四川,资阳,2017,6188,44.21
四川,资阳,2018,6957,12.43
四川,资阳,2019,6226,-10.51
四川,资阳,2020,6092,-2.15
四川,资阳,2021,6007,-1.40
四川,资阳,2022,5988,-0.32
四川,资阳,2023,5108,-14.70
四川,资阳,2024,5091,-0.33
四川,达州,2015,4711,
四川,达州,2016,4853,3.01
四川,达州,2017,6109,25.88
四川,达州,2018,7222,18.22
四川,达州,2019,6855,-5.08
四川,达州,2020,6636,-3.19
四川,达州,2021,6234,-6.06
四川,达州,2022,6085,-2.39
四川,达州,2023,5490,-9.78
四川,达州,2024,5457,-0.60
四川,遂宁,2015,5709,
四川,遂宁,2016,6105,6.94
四川,遂宁,2017,6774,10.96
四川,遂宁,2018,7124,5.17
四川,遂宁,2019,6642,-6.77
四川,遂宁,2020,6468,-2.62
四川,遂宁,2021,6391,-1.19
四川,遂宁,2022,6298,-1.46
四川,遂宁,2023,5732,-8.99
四川,遂宁,2024,5670,-1.08
四川,雅安,2019,5853,
四川,雅安,2020,5862,0.15
四川,雅安,2021,5893,0.53
四川,雅安,2022,6041,2.51
四川,雅安,2023,6012,-0.48
四川,雅安,2024,6122,1.83
天津,天津,2010,12296,
天津,天津,2011,12630,2.72
天津,天津,2012,12690,0.48
天津,天津,2013,14402,13.49
天津,天津,2014,14841,3.05
天津,天津,2015,15428,3.96
天津,天津,2016,23034,49.30
天津,天津,2017,22027,-4.37
天津,天津,2018,22010,-0.08
天津,天津,2019,20786,-5.56
天津,天津,2020,20329,-2.20
天津,天津,2021,18494,-9.03
天津,天津,2022,16748,-9.44
天津,天津,2023,16670,-0.47
天津,天津,2024,16648,-0.13
宁夏,中卫,2016,4408,
宁夏,中卫,2017,4408,0.00
宁夏,中卫,2018,4408,0.00
宁夏,中卫,2019,4028,-8.62
宁夏,中卫,2020,4057,0.72
宁夏,中卫,2021,4433,9.27
宁夏,中卫,2022,4417,-0.36
宁夏,中卫,2023,5374,21.67
宁夏,中卫,2024,5388,0.26
宁夏,吴忠,2019,4471,
宁夏,吴忠,2020,4563,2.06
宁夏,吴忠,2021,4948,8.44
宁夏,吴忠,2022,5047,2.00
宁夏,吴忠,2023,6135,21.56
宁夏,吴忠,2024,6283,2.41
宁夏,固原,2019,4351,
宁夏,固原,2020,4420,1.59
宁夏,固原,2021,4935,11.65
宁夏,固原,2022,4705,-4.66
宁夏,固原,2023,5189,10.29
宁夏,固原,2024,5352,3.14
宁夏,石嘴山,2016,3009,
宁夏,石嘴山,2017,2954,-1.83
宁夏,石嘴山,2018,2976,0.74
宁夏,石嘴山,2019,2917,-1.98
宁夏,石嘴山,2020,2918,0.03
宁夏,石嘴山,2021,3201,9.70
宁夏,石嘴山,2022,3448,7.72
宁夏,石嘴山,2023,4041,17.20
宁夏,石嘴山,2024,4058,0.42
宁夏,银川,2011,5886,
宁夏,银川,2012,5568,-5.40
宁夏,银川,2013,5720,2.73
宁夏,银川,2015,4592,-19.72
宁夏,银川,2016,5285,15.09
宁夏,银川,2017,4906,-7.17
宁夏,银川,2018,5152,5.01
宁夏,银川,2019,6083,18.07
宁夏,银川,2020,6237,2.53
宁夏,银川,2021,7423,19.02
宁夏,银川,2022,7390,-0.44
宁夏,银川,2023,6966,-5.74
宁夏,银川,2024,6927,-0.56
安徽,亳州,2015,4540,
安徽,亳州,2016,4538,-0.04
安徽,亳州,2017,5462,20.36
安徽,亳州,2018,6059,10.93
安徽,亳州,2019,6258,3.28
安徽,亳州,2020,6314,0.89
安徽,亳州,2021,6312,-0.03
安徽,亳州,2022,6396,1.33
安徽,亳州,2023,6468,1.13
安徽,亳州,2024,6456,-0.19
安徽,六安,2015,5108,
安徽,六安,2016,5741,12.39
安徽,六安,2017,7807,35.99
安徽,六安,2018,7684,-1.58
安徽,六安,2019,7554,-1.69
安徽,六安,2020,7470,-1.11
安徽,六安,2021,7167,-4.06
安徽,六安,2022,6434,-10.23
安徽,六安,2023,5591,-13.10
安徽,六安,2024,5556,-0.63
安徽,合肥,2011,6463,
安徽,合肥,2012,6588,1.93
安徽,合肥,2013,7340,11.41
安徽,合肥,2014,7762,5.75
安徽,合肥,2015,8393,8.13
安徽,合肥,2016,14863,77.09
安徽,合肥,2017,14247,-4.14
安徽,合肥,2018,14103,-1.01
安徽,合肥,2019,14115,0.09
安徽,合肥,2020,14274,1.13
安徽,合肥,2021,15773,10.50
安徽,合肥,2022,16108,2.12
安徽,合肥,2023,14840,-7.87
安徽,合肥,2024,14545,-1.99
安徽,和县,2019,4566,
安徽,和县,2020,5041,10.40
安徽,和县,2021,7043,39.71
安徽,和县,2022,7043,0.00
安徽,和县,2023,7043,0.00
安徽,和县,2024,7043,0.00
安徽,安庆,2015,5440,
安徽,安庆,2016,5347,-1.71
安徽,安庆,2017,6923,29.47
安徽,安庆,2018,8603,24.27
安徽,安庆,2019,8451,-1.77
安徽,安庆,2020,8479,0.33
安徽,安庆,2021,8117,-4.27
安徽,安庆,2022,7447,-8.25
安徽,安庆,2023,6937,-6.85
安徽,安庆,2024,6910,-0.39
安徽,宣城,2017,8090,
安徽,宣城,2018,8254,2.03
安徽,宣城,2019,8133,-1.47
安徽,宣城,2020,8135,0.02
安徽,宣城,2021,8138,0.04
安徽,宣城,2022,8099,-0.48
安徽,宣城,2023,7898,-2.48
安徽,宣城,2024,7808,-1.14
安徽,宿州,2015,5124,
安徽,宿州,2016,5015,-2.13
安徽,宿州,2017,5583,11.33
安徽,宿州,2018,6232,11.62
安徽,宿州,2019,6474,3.88
安徽,宿州,2020,6531,0.88
安徽,宿州,2021,6596,1.00
安徽,宿州,2022,6519,-1.17
安徽,宿州,2023,6596,1.18
安徽,宿州,2024,6506,-1.36
安徽,巢湖,2016,6784,
安徽,巢湖,2017,8436,24.35
安徽,巢湖,2018,8775,4.02
安徽,巢湖,2019,9408,7.21
安徽,巢湖,2020,9408,0.00
安徽,巢湖,2021,9408,0.00
安徽,巢湖,2022,9408,0.00
安徽,巢湖,2023,9139,-2.86
安徽,巢湖,2024,8999,-1.53
安徽,桐城,2019,5733,
安徽,桐城,2020,5813,1.40
安徽,桐城,2021,5795,-0.31
安徽,桐城,2022,5783,-0.21
安徽,桐城,2023,5585,-3.42
安徽,桐城,2024,5551,-0.61
安徽,池州,2015,5564,
安徽,池州,2016,5570,0.11
安徽,池州,2017,7491,34.49
安徽,池州,2018,8332,11.23
安徽,池州,2019,8767,5.22
安徽,池州,2020,8824,0.65
安徽,池州,2021,8937,1.28
安徽,池州,2022,8848,-1.00
安徽,池州,2023,8097,-8.49
安徽,池州,2024,8084,-0.16
安徽,淮北,2015,5032,
安徽,淮北,2016,5372,6.76
安徽,淮北,2017,5894,9.72
安徽,淮北,2018,6239,5.85
安徽,淮北,2019,6774,8.58
安徽,淮北,2020,6923,2.20
安徽,淮北,2021,7561,9.22
安徽,淮北,2022,7386,-2.31
安徽,淮北,2023,6717,-9.06
安徽,淮北,2024,6596,-1.80
安徽,淮南,2015,4248,
安徽,淮南,2016,4254,0.14
安徽,淮南,2017,5363,26.07
安徽,淮南,2018,5692,6.13
安徽,淮南,2019,6041,6.13
安徽,淮南,2020,6232,3.16
安徽,淮南,2021,6094,-2.21
安徽,淮南,2022,6464,6.07
安徽,淮南,2023,5474,-15.32
安徽,淮南,2024,5557,1.52
安徽,滁州,2017,6455,
安徽,滁州,2018,6438,-0.26
安徽,滁州,2019,7113,10.48
安徽,滁州,2020,7142,0.41
安徽,滁州,2021,7106,-0.50
安徽,滁州,2022,6800,-4.31
安徽,滁州,2023,6300,-7.35
安徽,滁州,2024,6231,-1.10
安徽,芜湖,2015,5848,
安徽,芜湖,2016,6560,12.18
安徽,芜湖,2017,9101,38.73
安徽,芜湖,2018,10233,12.44
安徽,芜湖,2019,9592,-6.26
安徽,芜湖,2020,9665,0.76
安徽,芜湖,2021,9908,2.51
安徽,芜湖,2022,9594,-3.17
安徽,芜湖,2023,8605,-10.31
安徽,芜湖,2024,8464,-1.64
安徽,蚌埠,2015,5264,
安徽,蚌埠,2016,5111,-2.91
安徽,蚌埠,2017,6414,25.49
安徽,蚌埠,2018,6803,6.06
安徽,蚌埠,2019,7060,3.78
安徽,蚌埠,2020,7178,1.67
安徽,蚌埠,2021,7389,2.94
安徽,蚌埠,2022,7445,0.76
安徽,蚌埠,2023,6785,-8.87
安徽,蚌埠,2024,6767,-0.27
安徽,铜陵,2015,5337,
安徽,铜陵,2017,7246,35.77
安徽,铜陵,2018,8481,17.04
安徽,铜陵,2019,7908,-6.76
安徽,铜陵,2020,7893,-0.19
安徽,铜陵,2021,7782,-1.41
安徽,铜陵,2022,7218,-7.25
安徽,铜陵,2023,6459,-10.52
安徽,铜陵,2024,6471,0.19
安徽,阜阳,2015,6258,
安徽,阜阳,2016,6596,5.40
安徽,阜阳,2017,8939,35.52
安徽,阜阳,2018,8676,-2.94
安徽,阜阳,2019,7942,-8.46
安徽,阜阳,2020,8006,0.81
安徽,阜阳,2021,7211,-9.93
安徽,阜阳,2022,7168,-0.60
安徽,阜阳,2023,6462,-9.85
安徽,阜阳,2024,6356,-1.64
安徽,霍邱,2019,5919,
安徽,霍邱,2020,5643,-4.66
安徽,霍邱,2021,5643,0.00
安徽,霍邱,2022,5643,0.00
安徽,霍邱,2023,5643,0.00
安徽,霍邱,2024,5643,0.00
安徽,马鞍山,2015,4945,
安徽,马鞍山,2016,4833,-2.26
安徽,马鞍山,2017,5891,21.89
安徽,马鞍山,2018,6461,9.68
安徽,马鞍山,2019,7077,9.53
安徽,马鞍山,2020,7357,3.96
安徽,马鞍山,2021,9111,23.84
安徽,马鞍山,2022,9040,-0.78
安徽,马鞍山,2023,7784,-13.89
安徽,马鞍山,2024,7767,-0.22
安徽,黄山,2015,5581,
安徽,黄山,2016,5606,0.45
安徽,黄山,2017,8719,55.53
安徽,黄山,2018,8988,3.09
安徽,黄山,2019,8506,-5.36
安徽,黄山,2020,8366,-1.65
安徽,黄山,2021,8612,2.94
安徽,黄山,2022,8508,-1.21
安徽,黄山,2023,7775,-8.62
安徽,黄山,2024,7688,-1.12
山东,东营,2015,6134,
山东,东营,2016,6199,1.06
山东,东营,2017,6200,0.02
山东,东营,2018,7015,13.15
山东,东营,2019,7924,12.96
山东,东营,2020,7992,0.86
山东,东营,2021,7825,-2.09
山东,东营,2022,7716,-1.39
山东,东营,2023,7072,-8.35
山东,东营,2024,6968,-1.47
山东,临沂,2015,4364,
山东,临沂,2016,4625,5.98
山东,临沂,2017,5198,12.39
山东,临沂,2018,6171,18.72
山东,临沂,2019,7290,18.13
山东,临沂,2020,8224,12.81
山东,临沂,2021,9435,14.73
山东,临沂,2022,9349,-0.91
山东,临沂,2023,7394,-20.91
山东,临沂,2024,7200,-2.62
山东,垦利,2019,5608,
山东,垦利,2020,5661,0.95
山东,垦利,2021,5661,0.00
山东,垦利,2022,5661,0.00
山东,垦利,2023,5596,-1.15
山东,垦利,2024,5587,-0.16
山东,威海,2011,4933,
山东,威海,2012,5602,13.56
山东,威海,2013,6047,7.94
山东,威海,2014,5979,-1.12
山东,威海,2015,5580,-6.67
山东,威海,2016,5956,6.74
山东,威海,2017,8166,37.11
山东,威海,2018,10203,24.94
山东,威海,2019,10120,-0.81
山东,威海,2020,9819,-2.97
山东,威海,2021,9425,-4.01
山东,威海,2022,8679,-7.92
山东,威海,2023,7742,-10.80
山东,威海,2024,7742,0.00
山东,德州,2015,5243,
山东,德州,2016,5301,1.11
山东,德州,2017,6849,29.20
山东,德州,2018,8066,17.77
山东,德州,2019,8826,9.42
山东,德州,2020,8865,0.44
山东,德州,2021,9011,1.65
山东,德州,2022,8619,-4.35
山东,德州,2023,7131,-17.26
山东,德州,2024,6870,-3.66
山东,日照,2015,6060,
山东,日照,2016,5876,-3.04
山东,日照,2017,6764,15.11
山东,日照,2018,8757,29.46
山东,日照,2019,10119,15.55
山东,日照,2020,10099,-0.20
山东,日照,2021,10563,4.59
山东,日照,2022,9946,-5.84
山东,日照,2023,8251,-17.04
山东,日照,2024,8108,-1.73
山东,枣庄,2015,4473,
山东,枣庄,2016,4410,-1.41
山东,枣庄,2017,4939,12.00
山东,枣庄,2018,6166,24.84
山东,枣庄,2019,7646,24.00
山东,枣庄,2020,7948,3.95
山东,枣庄,2021,8736,9.91
山东,枣庄,2022,7905,-9.51
山东,枣庄,2023,7293,-7.74
山东,枣庄,2024,7289,-0.05
山东,泰安,2015,6704,
山东,泰安,2016,6944,3.58
山东,泰安,2017,8272,19.12
山东,泰安,2018,10466,26.52
山东,泰安,2019,11029,5.38
山东,泰安,2020,11015,-0.13
山东,泰安,2021,10293,-6.55
山东,泰安,2022,9582,-6.91
山东,泰安,2023,8644,-9.79
山东,泰安,2024,8304,-3.93
山东,济南,2010,7876,
山东,济南,2011,8507,8.01
山东,济南,2012,8417,-1.06
山东,济南,2013,9084,7.92
山东,济南,2014,9266,2.00
山东,济南,2015,9206,-0.65
山东,济南,2016,11573,25.71
山东,济南,2017,15715,35.79
山东,济南,2018,17532,11.56
山东,济南,2019,15924,-9.17
山东,济南,2020,15874,-0.31
山东,济南,2021,15329,-3.43
山东,济南,2022,15695,2.39
山东,济南,2023,14831,-5.50
山东,济南,2024,15057,1.52
山东,济宁,2015,5462,
山东,济宁,2016,5637,3.20
山东,济宁,2017,6617,17.39
山东,济宁,2018,7529,13.78
山东,济宁,2019,8208,9.02
山东,济宁,2020,8234,0.32
山东,济宁,2021,8919,8.32
山东,济宁,2022,8659,-2.92
山东,济宁,2023,7632,-11.86
山东,济宁,2024,7459,-2.27
山东,淄博,2014,6180,
山东,淄博,2015,5549,-10.21
山东,淄博,2016,5845,5.33
山东,淄博,2017,6972,19.28
山东,淄博,2018,8431,20.93
山东,淄博,2019,8611,2.13
山东,淄博,2020,8733,1.42
山东,淄博,2021,8734,0.01
山东,淄博,2022,8439,-3.38
山东,淄博,2023,7344,-12.98
山东,淄博,2024,7322,-0.30
山东,滨州,2015,4606,
山东,滨州,2016,4960,7.69
山东,滨州,2017,7219,45.54
山东,滨州,2018,7773,7.67
山东,滨州,2019,7793,0.26
山东,滨州,2020,7911,1.51
山东,滨州,2021,7568,-4.34
山东,滨州,2022,7409,-2.10
山东,滨州,2023,6647,-10.28
山东,滨州,2024,6597,-0.75
山东,潍坊,2011,4960,
山东,潍坊,2012,4907,-1.07
山东,潍坊,2013,5031,2.53
山东,潍坊,2014,4885,-2.90
山东,潍坊,2015,4622,-5.38
山东,潍坊,2016,4831,4.52
山东,潍坊,2017,5949,23.14
山东,潍坊,2018,6682,12.32
山东,潍坊,2019,6851,2.53
山东,潍坊,2020,6845,-0.09
山东,潍坊,2021,6908,0.92
山东,潍坊,2022,6735,-2.50
山东,潍坊,2023,6318,-6.19
山东,潍坊,2024,6242,-1.20
山东,烟台,2011,7571,
山东,烟台,2012,7609,0.50
山东,烟台,2013,8326,9.42
山东,烟台,2014,7344,-11.79
山东,烟台,2015,7435,1.24
山东,烟台,2016,8044,8.19
山东,烟台,2017,8730,8.53
山东,烟台,2018,10406,19.20
山东,烟台,2019,10363,-0.41
山东,烟台,2020,10291,-0.69
山东,烟台,2021,9916,-3.64
山东,烟台,2022,9252,-6.70
山东,烟台,2023,7499,-18.95
山东,烟台,2024,7531,0.43
山东,章丘,2017,11795,
山东,章丘,2018,10731,-9.02
山东,章丘,2019,9074,-15.44
山东,章丘,2020,9078,0.04
山东,章丘,2021,9101,0.25
山东,章丘,2022,9072,-0.32
山东,章丘,2023,7851,-13.46
山东,章丘,2024,7621,-2.93
山东,聊城,2015,5347,
山东,聊城,2016,5532,3.46
山东,聊城,2017,7679,38.81
山东,聊城,2018,9323,21.41
山东,聊城,2019,9652,3.53
山东,聊城,2020,9563,-0.92
山东,聊城,2021,11462,19.86
山东,聊城,2022,10991,-4.11
山东,聊城,2023,9133,-16.90
山东,聊城,2024,8991,-1.55
山东,莱芜,2015,4969,
山东,莱芜,2016,5114,2.92
山东,莱芜,2017,5731,12.06
山东,莱芜,2018,6992,22.00
山东,莱芜,2019,7496,7.21
山东,莱芜,2020,8143,8.63
山东,莱芜,2021,7603,-6.63
山东,莱芜,2022,7820,2.85
山东,莱芜,2023,7195,-7.99
山东,莱芜,2024,7076,-1.65
山东,菏泽,2015,4706,
山东,菏泽,2016,4712,0.13
山东,菏泽,2017,6100,29.46
山东,菏泽,2018,6470,6.07
山东,菏泽,2019,6032,-6.77
山东,菏泽,2020,5936,-1.59
山东,菏泽,2021,5820,-1.95
山东,菏泽,2022,6189,6.34
山东,菏泽,2023,5634,-8.97
山东,菏泽,2024,5609,-0.44
山东,诸城,2019,7291,
山东,诸城,2020,7288,-0.04
山东,诸城,2021,7298,0.14
山东,诸城,2022,7297,-0.01
山东,诸城,2023,6884,-5.66
山东,诸城,2024,6768,-1.69
山东,邹城市,2019,4628,
山东,邹城市,2020,5488,18.58
山东,邹城市,2021,5488,0.00
山东,邹城市,2022,5488,0.00
山东,邹城市,2023,5488,0.00
山东,邹城市,2024,5488,0.00
山东,青岛,2010,15525,
山东,青岛,2011,12649,-18.52
山东,青岛,2012,11649,-7.91
山东,青岛,2013,12719,9.19
山东,青岛,2014,12187,-4.18
山东,青岛,2015,12284,0.80
山东,青岛,2016,13414,9.20
山东,青岛,2017,17996,34.16
山东,青岛,2018,18637,3.56
山东,青岛,2019,16207,-13.04
山东,青岛,2020,16432,1.39
山东,青岛,2021,16079,-2.15
山东,青岛,2022,16450,2.31
山东,青岛,2023,14915,-9.33
山东,青岛,2024,14917,0.01
山西,临汾,2015,5078,
山西,临汾,2016,4788,-5.71
山西,临汾,2017,5108,6.68
山西,临汾,2018,5231,2.41
山西,临汾,2019,6189,18.31
山西,临汾,2020,6137,-0.84
山西,临汾,2021,7133,16.23
山西,临汾,2022,7163,0.42
山西,临汾,2023,6901,-3.66
山西,临汾,2024,6905,0.06
山西,吕梁,2019,4625,
山西,吕梁,2020,4631,0.13
山西,吕梁,2021,5069,9.46
山西,吕梁,2022,4806,-5.19
山西,吕梁,2023,5637,17.29
山西,吕梁,2024,5202,-7.72
山西,大同,2015,3448,
山西,大同,2016,3424,-0.70
山西,大同,2017,4101,19.77
山西,大同,2018,5207,26.97
山西,大同,2019,5655,8.60
山西,大同,2020,6391,13.02
山西,大同,2021,5971,-6.57
山西,大同,2022,6204,3.90
山西,大同,2023,5238,-15.57
山西,大同,2024,5375,2.62
山西,太原,2011,7315,
山西,太原,2012,7564,3.40
山西,太原,2013,8128,7.46
山西,太原,2014,8298,2.09
山西,太原,2015,8053,-2.95
山西,太原,2016,8241,2.33
山西,太原,2017,9617,16.70
山西,太原,2018,11883,23.56
山西,太原,2019,11660,-1.88
山西,太原,2020,11439,-1.90
山西,太原,2021,10344,-9.57
山西,太原,2022,9653,-6.68
山西,太原,2023,9213,-4.56
山西,太原,2024,9130,-0.90
山西,忻州,2015,4969,
山西,忻州,2016,4695,-5.51
山西,忻州,2017,4925,4.90
山西,忻州,2018,5462,10.90
山西,忻州,2019,5019,-8.11
山西,忻州,2020,5124,2.09
山西,忻州,2021,6538,27.60
山西,忻州,2022,6793,3.90
山西,忻州,2023,7036,3.58
山西,忻州,2024,7005,-0.44
山西,晋中,2015,5034,
山西,晋中,2016,5067,0.66
山西,晋中,2017,5608,10.68
山西,晋中,2018,7475,33.29
山西,晋中,2019,7887,5.51
山西,晋中,2020,7925,0.48
山西,晋中,2021,7685,-3.03
山西,晋中,2022,6947,-9.60
山西,晋中,2023,6188,-10.93
山西,晋中,2024,6105,-1.34
山西,晋城,2015,6076,
山西,晋城,2016,6200,2.04
山西,晋城,2017,6345,2.34
山西,晋城,2018,7378,16.28
山西,晋城,2019,8339,13.03
山西,晋城,2020,8675,4.03
山西,晋城,2021,8855,2.07
山西,晋城,2022,8439,-4.70
山西,晋城,2023,7997,-5.24
山西,晋城,2024,7919,-0.98
山西,朔州,2016,3562,
山西,朔州,2017,3514,-1.35
山西,朔州,2018,3579,1.85
山西,朔州,2019,3692,3.16
山西,朔州,2020,3714,0.60
山西,朔州,2021,3731,0.46
山西,朔州,2022,3801,1.88
山西,朔州,2023,4604,21.13
山西,朔州,2024,4677,1.59
山西,运城,2015,3786,
山西,运城,2016,3733,-1.40
山西,运城,2017,4060,8.76
山西,运城,2018,4693,15.59
山西,运城,2019,5465,16.45
山西,运城,2020,5523,1.06
山西,运城,2021,6061,9.74
山西,运城,2022,6105,0.73
山西,运城,2023,5815,-4.75
山西,运城,2024,5783,-0.55
山西,长治,2015,5673,
山西,长治,2016,5671,-0.04
山西,长治,2017,6321,11.46
山西,长治,2018,7115,12.56
山西,长治,2019,8687,22.09
山西,长治,2020,8953,3.06
山西,长治,2021,9109,1.74
山西,长治,2022,8656,-4.97
山西,长治,2023,8266,-4.51
山西,长治,2024,8297,0.38
山西,阳泉,2019,4385,
山西,阳泉,2020,4451,1.51
山西,阳泉,2021,4773,7.23
山西,阳泉,2022,4784,0.23
山西,阳泉,2023,5004,4.60
山西,阳泉,2024,5134,2.60
广东,东莞,2011,6472,
广东,东莞,2012,6677,3.17
广东,东莞,2013,7550,13.07
广东,东莞,2014,7862,4.13
广东,东莞,2015,8304,5.62
广东,东莞,2016,11557,39.17
广东,东莞,2017,13801,19.42
广东,东莞,2018,14694,6.47
广东,东莞,2019,15973,8.70
广东,东莞,2020,15882,-0.57
广东,东莞,2021,19637,23.64
广东,东莞,2022,21743,10.72
广东,东莞,2023,19985,-8.09
广东,东莞,2024,19716,-1.35
广东,中山,2011,5432,
广东,中山,2012,4845,-10.81
广东,中山,2013,5199,7.31
广东,中山,2014,6395,23.00
广东,中山,2015,5877,-8.10
广东,中山,2016,8082,37.52
广东,中山,2017,11175,38.27
广东,中山,2018,11653,4.28
广东,中山,2019,11108,-4.68
广东,中山,2020,10837,-2.44
广东,中山,2021,11549,6.57
广东,中山,2022,10562,-8.55
广东,中山,2023,9473,-10.31
广东,中山,2024,9346,-1.34
广东,云浮,2018,5994,
广东,云浮,2019,6242,4.14
广东,云浮,2020,6089,-2.45
广东,云浮,2021,6069,-0.33
广东,云浮,2022,6022,-0.77
广东,云浮,2023,5555,-7.75
广东,云浮,2024,5476,-1.42
广东,佛山,2010,5901,
广东,佛山,2011,6126,3.81
广东,佛山,2012,5954,-2.81
广东,佛山,2013,6228,4.60
广东,佛山,2014,6026,-3.24
广东,佛山,2015,6033,0.12
广东,佛山,2016,7103,17.74
广东,佛山,2017,10147,42.86
广东,佛山,2018,10820,6.63
广东,佛山,2019,12547,15.96
广东,佛山,2020,12898,2.80
广东,佛山,2021,14106,9.37
广东,佛山,2022,14680,4.07
广东,佛山,2023,13867,-5.54
广东,佛山,2024,13960,0.67
广东,台山,2017,6392,
广东,台山,2018,6442,0.78
广东,台山,2019,6666,3.48
广东,台山,2020,5885,-11.72
广东,台山,2021,5861,-0.41
广东,台山,2022,5861,0.00
广东,台山,2023,5519,-5.84
广东,台山,2024,5512,-0.13
广东,广州,2010,12840,
广东,广州,2011,14643,14.04
广东,广州,2012,16422,12.15
广东,广州,2013,19054,16.03
广东,广州,2014,18415,-3.35
广东,广州,2015,19855,7.82
广东,广州,2016,22742,14.54
广东,广州,2017,28349,24.65
广东,广州,2018,31831,12.28
广东,广州,2019,31423,-1.28
广东,广州,2020,30726,-2.22
广东,广州,2021,34690,12.90
广东,广州,2022,33294,-4.02
广东,广州,2023,30953,-7.03
广东,广州,2024,30363,-1.91
广东,惠州,2011,5489,
广东,惠州,2012,5652,2.97
广东,惠州,2013,5436,-3.82
广东,惠州,2014,5540,1.91
广东,惠州,2015,6076,9.68
广东,惠州,2016,8118,33.61
广东,惠州,2017,10145,24.97
广东,惠州,2018,9932,-2.10
广东,惠州,2019,9874,-0.58
广东,惠州,2020,9860,-0.14
广东,惠州,2021,10582,7.32
广东,惠州,2022,10841,2.45
广东,惠州,2023,9713,-10.40
广东,惠州,2024,9666,-0.48
广东,揭阳,2015,5481,
广东,揭阳,2016,4971,-9.30
广东,揭阳,2017,6047,21.65
广东,揭阳,2018,6121,1.22
广东,揭阳,2019,6718,9.75
广东,揭阳,2020,6548,-2.53
广东,揭阳,2021,6445,-1.57
广东,揭阳,2022,6691,3.82
广东,揭阳,2023,6489,-3.02
广东,揭阳,2024,6478,-0.17
广东,梅州,2017,7855,
广东,梅州,2018,6981,-11.13
广东,梅州,2019,5751,-17.62
广东,梅州,2020,5802,0.89
广东,梅州,2021,5799,-0.05
广东,梅州,2022,5763,-0.62
广东,梅州,2023,5926,2.83
广东,梅州,2024,6010,1.42
广东,汕头,2016,7535,
广东,汕头,2017,8272,9.78
广东,汕头,2018,8680,4.93
广东,汕头,2019,9492,9.35
广东,汕头,2020,9455,-0.39
广东,汕头,2021,9894,4.64
广东,汕头,2022,10412,5.24
广东,汕头,2023,9432,-9.41
广东,汕头,2024,9433,0.01
广东,汕尾,2017,7493,
广东,汕尾,2018,6619,-11.66
广东,汕尾,2019,6982,5.48
广东,汕尾,2020,7002,0.29
广东,汕尾,2021,7010,0.11
广东,汕尾,2022,7024,0.20
广东,汕尾,2023,6636,-5.52
广东,汕尾,2024,6721,1.28
广东,江门,2016,5443,
广东,江门,2017,6635,21.90
广东,江门,2018,7082,6.74
广东,江门,2019,7091,0.13
广东,江门,2020,6843,-3.50
广东,江门,2021,7529,10.02
广东,江门,2022,7406,-1.63
广东,江门,2023,6990,-5.62
广东,江门,2024,7003,0.19
广东,河源,2015,8157,
广东,河源,2016,6310,-22.64
广东,河源,2017,6377,1.06
广东,河源,2018,6393,0.25
广东,河源,2019,6351,-0.66
广东,河源,2020,6394,0.68
广东,河源,2021,6518,1.94
广东,河源,2022,5944,-8.81
广东,河源,2023,5467,-8.02
广东,河源,2024,5446,-0.38
广东,深圳,2010,16511,
广东,深圳,2011,17288,4.71
广东,深圳,2012,19143,10.73
广东,深圳,2013,24710,29.08
广东,深圳,2014,27892,12.88
广东,深圳,2015,41162,47.58
广东,深圳,2016,42942,4.32
广东,深圳,2017,51065,18.92
广东,深圳,2018,52779,3.36
广东,深圳,2019,54803,3.83
广东,深圳,2020,55085,0.51
广东,深圳,2021,56601,2.75
广东,深圳,2022,56934,0.59
广东,深圳,2023,57129,0.34
广东,深圳,2024,57430,0.53
广东,清远,2015,3803,
广东,清远,2016,3968,4.34
广东,清远,2017,6636,67.24
广东,清远,2018,7062,6.42
广东,清远,2019,7248,2.63
广东,清远,2020,7338,1.24
广东,清远,2021,7106,-3.16
广东,清远,2022,6289,-11.50
广东,清远,2023,6138,-2.40
广东,清远,2024,6130,-0.13
广东,湛江,2015,5581,
广东,湛江,2016,6352,13.81
广东,湛江,2017,6884,8.38
广东,湛江,2018,6715,-2.45
广东,湛江,2019,7688,14.49
广东,湛江,2020,8249,7.30
广东,湛江,2021,9027,9.43
广东,湛江,2022,8637,-4.32
广东,湛江,2023,8036,-6.96
广东,湛江,2024,8210,2.17
广东,潮州,2017,6315,
广东,潮州,2018,8524,34.98
广东,潮州,2019,6872,-19.38
广东,潮州,2020,6056,-11.87
广东,潮州,2021,6012,-0.73
广东,潮州,2022,6205,3.21
广东,潮州,2023,7059,13.76
广东,潮州,2024,7100,0.58
广东,珠海,2011,10677,
广东,珠海,2012,9379,-12.16
广东,珠海,2013,11274,20.20
广东,珠海,2014,12133,7.62
广东,珠海,2015,14860,22.48
广东,珠海,2016,18917,27.30
广东,珠海,2017,19374,2.42
广东,珠海,2018,20611,6.38
广东,珠海,2019,20959,1.69
广东,珠海,2020,20718,-1.15
广东,珠海,2021,23412,13.00
广东,珠海,2022,22107,-5.57
广东,珠海,2023,21005,-4.98
广东,珠海,2024,20968,-0.18
广东,肇庆,2015,5492,
广东,肇庆,2016,5433,-1.07
广东,肇庆,2017,6908,27.15
广东,肇庆,2018,7206,4.31
广东,肇庆,2019,7209,0.04
广东,肇庆,2020,7105,-1.44
广东,肇庆,2021,6647,-6.45
广东,肇庆,2022,6486,-2.42
广东,肇庆,2023,6424,-0.96
广东,肇庆,2024,6307,-1.82
广东,茂名,2015,5540,
广东,茂名,2016,5861,5.79
广东,茂名,2017,7236,23.46
广东,茂名,2018,7137,-1.37
广东,茂名,2019,7802,9.32
广东,茂名,2020,7618,-2.36
广东,茂名,2021,7168,-5.91
广东,茂名,2022,6676,-6.86
广东,茂名,2023,6609,-1.00
广东,茂名,2024,6602,-0.11
广东,阳春,2018,5346,
广东,阳春,2019,5108,-4.45
广东,阳春,2020,5175,1.31
广东,阳春,2021,5108,-1.29
广东,阳春,2022,5070,-0.74
广东,阳春,2023,4675,-7.79
广东,阳春,2024,4640,-0.75
广东,阳江,2015,4143,
广东,阳江,2016,4045,-2.37
广东,阳江,2017,5366,32.66
广东,阳江,2018,5823,8.52
广东,阳江,2019,6196,6.41
广东,阳江,2020,6072,-2.00
广东,阳江,2021,5852,-3.62
广东,阳江,2022,5740,-1.91
广东,阳江,2023,5483,-4.48
广东,阳江,2024,5500,0.31
广东,韶关,2015,4561,
广东,韶关,2016,4734,3.79
广东,韶关,2017,5176,9.34
广东,韶关,2018,5467,5.62
广东,韶关,2019,5745,5.09
广东,韶关,2020,5885,2.44
广东,韶关,2021,5594,-4.94
广东,韶关,2022,5736,2.54
广东,韶关,2023,5428,-5.37
广东,韶关,2024,5475,0.87
广东,顺德,2018,8816,
广东,顺德,2019,9917,12.49
广东,顺德,2020,10833,9.24
广东,顺德,2021,10479,-3.27
广东,顺德,2022,10986,4.84
广东,顺德,2023,10986,0.00
广东,顺德,2024,10986,0.00
广西,北海,2015,4589,
广西,北海,2016,4443,-3.18
广西,北海,2017,5616,26.40
广西,北海,2018,6689,19.11
广西,北海,2019,6695,0.09
广西,北海,2020,6696,0.01
广西,北海,2021,6040,-9.80
广西,北海,2022,5940,-1.66
广西,北海,2023,5506,-7.31
广西,北海,2024,5641,2.45
广西,南宁,2011,7374,
广西,南宁,2012,6767,-8.23
广西,南宁,2013,6995,3.37
广西,南宁,2014,6290,-10.08
广西,南宁,2015,6694,6.42
广西,南宁,2016,7203,7.60
广西,南宁,2017,9438,31.03
广西,南宁,2018,10453,10.75
广西,南宁,2019,10891,4.19
广西,南宁,2020,10875,-0.15
广西,南宁,2021,11066,1.76
广西,南宁,2022,10482,-5.28
广西,南宁,2023,9762,-6.87
广西,南宁,2024,9714,-0.49
广西,崇左,2018,5494,
广西,崇左,2019,5040,-8.26
广西,崇左,2020,5040,0.00
广西,崇左,2021,4960,-1.59
广西,崇左,2022,4959,-0.02
广西,崇左,2023,4560,-8.05
广西,崇左,2024,4229,-7.26
广西,来宾,2019,4486,
广西,来宾,2020,4537,1.14
广西,来宾,2021,4508,-0.64
广西,来宾,2022,4490,-0.40
广西,来宾,2023,4358,-2.94
广西,来宾,2024,4366,0.18
广西,柳州,2014,6741,
广西,柳州,2015,6371,-5.49
广西,柳州,2016,6649,4.36
广西,柳州,2017,7605,14.38
广西,柳州,2018,8613,13.25
广西,柳州,2019,9175,6.53
广西,柳州,2020,9110,-0.71
广西,柳州,2021,8562,-6.02
广西,柳州,2022,7885,-7.91
广西,柳州,2023,6977,-11.52
广西,柳州,2024,7069,1.32
广西,桂林,2011,5271,
广西,桂林,2012,5493,4.21
广西,桂林,2013,6142,11.82
广西,桂林,2015,5664,-7.78
广西,桂林,2016,5973,5.46
广西,桂林,2017,6132,2.66
广西,桂林,2018,6450,5.19
广西,桂林,2019,6577,1.97
广西,桂林,2020,6507,-1.06
广西,桂林,2021,6052,-6.99
广西,桂林,2022,5709,-5.67
广西,桂林,2023,5974,4.64
广西,桂林,2024,5939,-0.59
广西,梧州,2015,3632,
广西,梧州,2016,3673,1.13
广西,梧州,2017,4102,11.68
广西,梧州,2018,4838,17.94
广西,梧州,2019,5398,11.58
广西,梧州,2020,5290,-2.00
广西,梧州,2021,5053,-4.48
广西,梧州,2022,4952,-2.00
广西,梧州,2023,4610,-6.91
广西,梧州,2024,4552,-1.26
广西,河池,2018,5173,
广西,河池,2019,4575,-11.56
广西,河池,2020,4638,1.38
广西,河池,2021,4910,5.86
广西,河池,2022,4646,-5.38
广西,河池,2023,4539,-2.30
广西,河池,2024,4581,0.93
广西,玉林,2015,4232,
广西,玉林,2016,4279,1.11
广西,玉林,2017,4838,13.06
广西,玉林,2018,5599,15.73
广西,玉林,2019,5647,0.86
广西,玉林,2020,5677,0.53
广西,玉林,2021,5276,-7.06
广西,玉林,2022,5060,-4.09
广西,玉林,2023,4910,-2.96
广西,玉林,2024,4901,-0.18
广西,百色,2018,5050,
广西,百色,2019,5039,-0.22
广西,百色,2020,4961,-1.55
广西,百色,2021,4992,0.62
广西,百色,2022,4958,-0.68
广西,百色,2023,4881,-1.55
广西,百色,2024,4907,0.53
广西,贵港,2015,3974,
广西,贵港,2016,4131,3.95
广西,贵港,2017,5008,21.23
广西,贵港,2018,6489,29.57
广西,贵港,2019,6340,-2.30
广西,贵港,2020,6251,-1.40
广西,贵港,2021,5334,-14.67
广西,贵港,2022,5072,-4.91
广西,贵港,2023,5051,-0.41
广西,贵港,2024,5171,2.38
广西,贺州,2018,5263,
广西,贺州,2019,6200,17.80
广西,贺州,2020,6200,0.00
广西,贺州,2021,5886,-5.06
广西,贺州,2022,5846,-0.68
广西,贺州,2023,4929,-15.69
广西,贺州,2024,5069,2.84
广西,钦州,2015,3259,
广西,钦州,2016,3356,2.98
广西,钦州,2017,3530,5.18
广西,钦州,2018,4151,17.59
广西,钦州,2019,4519,8.87
广西,钦州,2020,4531,0.27
广西,钦州,2021,4465,-1.46
广西,钦州,2022,4475,0.22
广西,钦州,2023,4446,-0.65
广西,钦州,2024,4527,1.82
广西,防城港,2016,3762,
广西,防城港,2017,4391,16.72
广西,防城港,2018,6381,45.32
广西,防城港,2019,5566,-12.77
广西,防城港,2020,5550,-0.29
广西,防城港,2021,5174,-6.77
广西,防城港,2022,5021,-2.96
广西,防城港,2023,4299,-14.38
广西,防城港,2024,4359,1.40
新疆,乌鲁木齐,2015,5699,
新疆,乌鲁木齐,2016,6608,15.95
新疆,乌鲁木齐,2017,7192,8.84
新疆,乌鲁木齐,2018,7915,10.05
新疆,乌鲁木齐,2019,8061,1.84
新疆,乌鲁木齐,2020,8161,1.24
新疆,乌鲁木齐,2021,8332,2.10
新疆,乌鲁木齐,2022,8285,-0.56
新疆,乌鲁木齐,2023,8303,0.22
新疆,乌鲁木齐,2024,8449,1.76
新疆,五家渠,2019,4227,
新疆,五家渠,2020,4222,-0.12
新疆,五家渠,2021,4217,-0.12
新疆,五家渠,2022,4096,-2.87
新疆,五家渠,2023,4337,5.88
新疆,五家渠,2024,4481,3.32
新疆,伊犁,2018,5331,
新疆,伊犁,2019,5135,-3.68
新疆,伊犁,2020,5310,3.41
新疆,伊犁,2021,5944,11.94
新疆,伊犁,2022,5738,-3.47
新疆,伊犁,2023,6500,13.28
新疆,伊犁,2024,6516,0.25
新疆,克孜勒苏,2022,5407,
新疆,克孜勒苏,2023,4966,-8.16
新疆,克孜勒苏,2024,4966,0.00
新疆,克拉玛依,2015,5000,
新疆,克拉玛依,2016,4960,-0.80
新疆,克拉玛依,2017,4643,-6.39
新疆,克拉玛依,2018,4729,1.85
新疆,克拉玛依,2019,4789,1.27
新疆,克拉玛依,2020,5029,5.01
新疆,克拉玛依,2021,5184,3.08
新疆,克拉玛依,2022,4898,-5.52
新疆,克拉玛依,2023,5262,7.43
新疆,克拉玛依,2024,5278,0.30
新疆,博尔塔拉,2019,3891,
新疆,博尔塔拉,2020,3858,-0.85
新疆,博尔塔拉,2021,3863,0.13
新疆,博尔塔拉,2022,3869,0.16
新疆,博尔塔拉,2023,3606,-6.80
新疆,博尔塔拉,2024,3648,1.16
新疆,吐鲁番,2021,3421,
新疆,吐鲁番,2022,3143,-8.13
新疆,吐鲁番,2023,3139,-0.13
新疆,吐鲁番,2024,3133,-0.19
新疆,和田,2021,4814,
新疆,和田,2022,4946,2.74
新疆,和田,2023,4406,-10.92
新疆,和田,2024,4505,2.25
新疆,哈密,2015,3794,
新疆,哈密,2016,3716,-2.06
新疆,哈密,2017,3674,-1.13
新疆,哈密,2018,3667,-0.19
新疆,哈密,2019,3720,1.45
新疆,哈密,2020,3791,1.91
新疆,哈密,2021,4045,6.70
新疆,哈密,2022,3953,-2.27
新疆,哈密,2023,4207,6.43
新疆,哈密,2024,4371,3.90
新疆,喀什,2015,3599,
新疆,喀什,2016,3853,7.06
新疆,喀什,2017,3854,0.03
新疆,喀什,2018,4250,10.28
新疆,喀什,2019,5180,21.88
新疆,喀什,2020,5369,3.65
新疆,喀什,2021,5622,4.71
新疆,喀什,2022,5424,-3.52
新疆,喀什,2023,5489,1.20
新疆,喀什,2024,5512,0.42
新疆,巴音郭楞,2018,3611,
新疆,巴音郭楞,2019,3767,4.32
新疆,巴音郭楞,2020,3909,3.77
新疆,巴音郭楞,2021,4446,13.74
新疆,巴音郭楞,2022,4156,-6.52
新疆,巴音郭楞,2023,4678,12.56
新疆,巴音郭楞,2024,4625,-1.13
新疆,昌吉,2016,5049,
新疆,昌吉,2017,5050,0.02
新疆,昌吉,2018,5336,5.66
新疆,昌吉,2019,5941,11.34
新疆,昌吉,2020,5978,0.62
新疆,昌吉,2021,5859,-1.99
新疆,昌吉,2022,5879,0.34
新疆,昌吉,2023,5609,-4.59
新疆,昌吉,2024,5609,0.00
新疆,石河子,2015,5822,
新疆,石河子,2016,5859,0.64
新疆,石河子,2017,5557,-5.15
新疆,石河子,2018,5543,-0.25
新疆,石河子,2019,5575,0.58
新疆,石河子,2020,5689,2.04
新疆,石河子,2021,6225,9.42
新疆,石河子,2022,5975,-4.02
新疆,石河子,2023,6262,4.80
新疆,石河子,2024,6191,-1.13
新疆,阿克苏,2017,3681,
新疆,阿克苏,2018,3808,3.45
新疆,阿克苏,2019,3754,-1.42
新疆,阿克苏,2020,3892,3.68
新疆,阿克苏,2021,4163,6.96
新疆,阿克苏,2022,3993,-4.08
新疆,阿克苏,2023,4721,18.23
新疆,阿克苏,2024,4717,-0.08
新疆,阿勒泰,2021,4862,
新疆,阿勒泰,2022,5247,7.92
新疆,阿勒泰,2023,5244,-0.06
新疆,阿勒泰,2024,5279,0.67
新疆,阿拉尔,2023,4714,
新疆,阿拉尔,2024,4771,1.21
江苏,南京,2010,13994,
江苏,南京,2011,14326,2.37
江苏,南京,2012,14632,2.14
江苏,南京,2013,17174,17.37
江苏,南京,2014,17954,4.54
江苏,南京,2015,18547,3.30
江苏,南京,2016,24668,33.00
江苏,南京,2017,25527,3.48
江苏,南京,2018,27347,7.13
江苏,南京,2019,28300,3.48
江苏,南京,2020,28388,0.31
江苏,南京,2021,28422,0.12
江苏,南京,2022,25186,-11.39
江苏,南京,2023,26987,7.15
江苏,南京,2024,27685,2.59
江苏,南通,2011,9906,
江苏,南通,2012,9332,-5.79
江苏,南通,2013,8152,-12.64
江苏,南通,2015,8241,1.09
江苏,南通,2016,8646,4.91
江苏,南通,2017,10631,22.96
江苏,南通,2018,11677,9.84
江苏,南通,2019,13602,16.49
江苏,南通,2020,14175,4.21
江苏,南通,2021,16075,13.40
江苏,南通,2022,14433,-10.21
江苏,南通,2023,12623,-12.54
江苏,南通,2024,12573,-0.40
江苏,大丰,2019,8502,
江苏,大丰,2020,8520,0.21
江苏,大丰,2021,8879,4.21
江苏,大丰,2022,8793,-0.97
江苏,大丰,2023,8779,-0.16
江苏,大丰,2024,8779,0.00
江苏,宿迁,2015,4865,
江苏,宿迁,2016,5044,3.68
江苏,宿迁,2017,7063,40.03
江苏,宿迁,2018,7636,8.11
江苏,宿迁,2019,8598,12.60
江苏,宿迁,2020,9141,6.32
江苏,宿迁,2021,10424,14.04
江苏,宿迁,2022,10013,-3.94
江苏,宿迁,2023,9057,-9.55
江苏,宿迁,2024,8901,-1.72
江苏,常州,2011,7576,
江苏,常州,2012,5491,-27.52
江苏,常州,2013,6172,12.40
江苏,常州,2014,7265,17.71
江苏,常州,2015,6507,-10.43
江苏,常州,2016,8136,25.03
江苏,常州,2017,11972,47.15
江苏,常州,2018,13318,11.24
江苏,常州,2019,14001,5.13
江苏,常州,2020,14456,3.25
江苏,常州,2021,15357,6.23
江苏,常州,2022,14981,-2.45
江苏,常州,2023,13053,-12.87
江苏,常州,2024,12868,-1.42
江苏,徐州,2011,6829,
江苏,徐州,2012,6778,-0.75
江苏,徐州,2013,6691,-1.28
江苏,徐州,2014,6316,-5.60
江苏,徐州,2015,6571,4.04
江苏,徐州,2016,6706,2.05
江苏,徐州,2017,8715,29.96
江苏,徐州,2018,10050,15.32
江苏,徐州,2019,10452,4.00
江苏,徐州,2020,10417,-0.33
江苏,徐州,2021,10626,2.01
江苏,徐州,2022,10279,-3.27
江苏,徐州,2023,8943,-13.00
江苏,徐州,2024,8744,-2.23
江苏,扬州,2011,8208,
江苏,扬州,2012,8299,1.11
江苏,扬州,2013,8084,-2.59
江苏,扬州,2015,8338,3.14
江苏,扬州,2016,8528,2.28
江苏,扬州,2017,10774,26.34
江苏,扬州,2018,12380,14.91
江苏,扬州,2019,12971,4.77
江苏,扬州,2020,13299,2.53
江苏,扬州,2021,14176,6.59
江苏,扬州,2022,13427,-5.28
江苏,扬州,2023,11748,-12.50
江苏,扬州,2024,11560,-1.60
江苏,无锡,2010,7528,
江苏,无锡,2011,7417,-1.47
江苏,无锡,2012,7277,-1.89
江苏,无锡,2013,7253,-0.33
江苏,无锡,2014,6923,-4.55
江苏,无锡,2015,6716,-2.99
江苏,无锡,2016,8233,22.59
江苏,无锡,2017,9515,15.57
江苏,无锡,2018,10941,14.99
江苏,无锡,2019,12688,15.97
江苏,无锡,2020,13076,3.06
江苏,无锡,2021,14955,14.37
江苏,无锡,2022,15155,1.34
江苏,无锡,2023,13587,-10.35
江苏,无锡,2024,13687,0.74
江苏,昆山,2011,7095,
江苏,昆山,2012,7018,-1.09
江苏,昆山,2013,7407,5.54
江苏,昆山,2014,7070,-4.55
江苏,昆山,2015,7428,5.06
江苏,昆山,2016,10620,42.97
江苏,昆山,2017,11469,7.99
江苏,昆山,2018,13653,19.04
江苏,昆山,2019,15775,15.54
江苏,昆山,2020,16386,3.87
江苏,昆山,2021,17960,9.61
江苏,昆山,2022,18770,4.51
江苏,昆山,2023,17386,-7.37
江苏,昆山,2024,17377,-0.05
江苏,沭阳,2015,5456,
江苏,沭阳,2016,5456,0.00
江苏,沭阳,2017,7025,28.76
江苏,沭阳,2018,7889,12.30
江苏,沭阳,2019,8438,6.96
江苏,沭阳,2020,8279,-1.88
江苏,沭阳,2021,9314,12.50
江苏,沭阳,2022,8833,-5.16
江苏,沭阳,2023,8602,-2.62
江苏,沭阳,2024,8602,0.00
江苏,泰州,2011,7714,
江苏,泰州,2012,7911,2.55
江苏,泰州,2013,7775,-1.72
江苏,泰州,2015,4613,-40.67
江苏,泰州,2016,7226,56.64
江苏,泰州,2017,9037,25.06
江苏,泰州,2018,10175,12.59
江苏,泰州,2019,10832,6.46
江苏,泰州,2020,11026,1.79
江苏,泰州,2021,13185,19.58
江苏,泰州,2022,12244,-7.14
江苏,泰州,2023,11165,-8.81
江苏,泰州,2024,11070,-0.85
江苏,淮安,2015,5535,
江苏,淮安,2016,5694,2.87
江苏,淮安,2017,7924,39.16
江苏,淮安,2018,8513,7.43
江苏,淮安,2019,8277,-2.77
江苏,淮安,2020,8555,3.36
江苏,淮安,2021,10370,21.22
江苏,淮安,2022,9573,-7.69
江苏,淮安,2023,8157,-14.79
江苏,淮安,2024,8030,-1.56
江苏,盐城,2015,6461,
江苏,盐城,2016,6554,1.44
江苏,盐城,2017,8372,27.74
江苏,盐城,2018,9274,10.77
江苏,盐城,2019,9923,7.00
江苏,盐城,2020,10317,3.97
江苏,盐城,2021,12345,19.66
江苏,盐城,2022,10055,-18.55
江苏,盐城,2023,8580,-14.67
江苏,盐城,2024,8519,-0.71
江苏,苏州,2010,8871,
江苏,苏州,2011,9920,11.83
江苏,苏州,2012,10008,0.89
江苏,苏州,2013,10853,8.44
江苏,苏州,2014,10892,0.36
江苏,苏州,2015,12152,11.57
江苏,苏州,2016,16051,32.09
江苏,苏州,2017,15197,-5.32
江苏,苏州,2018,16807,10.59
江苏,苏州,2019,19409,15.48
江苏,苏州,2020,20197,4.06
江苏,苏州,2021,22176,9.80
江苏,苏州,2022,20979,-5.40
江苏,苏州,2023,20105,-4.17
江苏,苏州,2024,19826,-1.39
江苏,连云港,2016,6406,
江苏,连云港,2017,8370,30.66
江苏,连云港,2018,8441,0.85
江苏,连云港,2019,8610,2.00
江苏,连云港,2020,8851,2.80
江苏,连云港,2021,10542,19.11
江苏,连云港,2022,10514,-0.27
江苏,连云港,2023,9352,-11.05
江苏,连云港,2024,9199,-1.64
江苏,镇江,2011,6805,
江苏,镇江,2012,6525,-4.11
江苏,镇江,2013,6609,1.29
江苏,镇江,2015,7245,9.62
江苏,镇江,2016,7182,-0.87
江苏,镇江,2017,8976,24.98
江苏,镇江,2018,9622,7.20
江苏,镇江,2019,9320,-3.14
江苏,镇江,2020,9353,0.35
江苏,镇江,2021,9759,4.34
江苏,镇江,2022,8998,-7.80
江苏,镇江,2023,8194,-8.94
江苏,镇江,2024,8057,-1.67
江西,上饶,2016,6955,
江西,上饶,2017,7714,10.91
江西,上饶,2018,7696,-0.23
江西,上饶,2019,7714,0.23
江西,上饶,2020,7869,2.01
江西,上饶,2021,8006,1.74
江西,上饶,2022,7642,-4.55
江西,上饶,2023,7341,-3.94
江西,上饶,2024,7309,-0.44
江西,九江,2015,5098,
江西,九江,2016,5207,2.14
江西,九江,2017,6519,25.20
江西,九江,2018,7174,10.05
江西,九江,2019,6716,-6.38
江西,九江,2020,6785,1.03
江西,九江,2021,6924,2.05
江西,九江,2022,6857,-0.97
江西,九江,2023,7378,7.60
江西,九江,2024,7381,0.04
江西,南昌,2011,7578,
江西,南昌,2012,8058,6.33
江西,南昌,2013,9134,13.35
江西,南昌,2014,9112,-0.24
江西,南昌,2015,9138,0.29
江西,南昌,2016,9907,8.42
江西,南昌,2017,11304,14.10
江西,南昌,2018,12150,7.48
江西,南昌,2019,12086,-0.53
江西,南昌,2020,12171,0.70
江西,南昌,2021,11914,-2.11
江西,南昌,2022,11832,-0.69
江西,南昌,2023,10879,-8.05
江西,南昌,2024,10956,0.71
江西,吉安,2015,4894,
江西,吉安,2016,5013,2.43
江西,吉安,2017,6900,37.64
江西,吉安,2018,8071,16.97
江西,吉安,2019,7967,-1.29
江西,吉安,2020,7879,-1.10
江西,吉安,2021,8236,4.53
江西,吉安,2022,8420,2.23
江西,吉安,2023,7828,-7.03
江西,吉安,2024,7674,-1.97
江西,宜春,2016,4090,
江西,宜春,2017,5696,39.27
江西,宜春,2018,6679,17.26
江西,宜春,2019,6994,4.72
江西,宜春,2020,6982,-0.17
江西,宜春,2021,7931,13.59
江西,宜春,2022,7714,-2.74
江西,宜春,2023,6972,-9.62
江西,宜春,2024,6861,-1.59
江西,抚州,2016,5641,
江西,抚州,2017,7296,29.34
江西,抚州,2018,7809,7.03
江西,抚州,2019,7941,1.69
江西,抚州,2020,7934,-0.09
江西,抚州,2021,8043,1.37
江西,抚州,2022,7720,-4.02
江西,抚州,2023,6929,-10.25
江西,抚州,2024,6455,-6.84
江西,新余,2018,5361,
江西,新余,2019,5466,1.96
江西,新余,2020,5483,0.31
江西,新余,2021,5961,8.72
江西,新余,2022,5763,-3.32
江西,新余,2023,5957,3.37
江西,新余,2024,5919,-0.64
江西,景德镇,2015,3680,
江西,景德镇,2016,3763,2.26
江西,景德镇,2017,5811,54.42
江西,景德镇,2018,6284,8.14
江西,景德镇,2019,6618,5.32
江西,景德镇,2020,6748,1.96
江西,景德镇,2021,7056,4.56
江西,景德镇,2022,6881,-2.48
江西,景德镇,2023,6242,-9.29
江西,景德镇,2024,6143,-1.59
江西,萍乡,2015,3714,
江西,萍乡,2016,3690,-0.65
江西,萍乡,2017,4055,9.89
江西,萍乡,2018,4864,19.95
江西,萍乡,2019,5271,8.37
江西,萍乡,2020,5227,-0.83
江西,萍乡,2021,5708,9.20
江西,萍乡,2022,5303,-7.10
江西,萍乡,2023,4953,-6.60
江西,萍乡,2024,4908,-0.91
江西,赣州,2015,5576,
江西,赣州,2016,5975,7.16
江西,赣州,2017,7761,29.89
江西,赣州,2018,8851,14.04
江西,赣州,2019,8310,-6.11
江西,赣州,2020,8422,1.35
江西,赣州,2021,9451,12.22
江西,赣州,2022,9459,0.08
江西,赣州,2023,8661,-8.44
江西,赣州,2024,8600,-0.70
江西,鹰潭,2019,6174,
江西,鹰潭,2020,6184,0.16
江西,鹰潭,2021,6428,3.95
江西,鹰潭,2022,6386,-0.65
江西,鹰潭,2023,6601,3.37
江西,鹰潭,2024,6453,-2.24
河北,保定,2011,5526,
河北,保定,2012,5964,7.93
河北,保定,2013,4894,-17.94
河北,保定,2015,7060,44.26
河北,保定,2016,10069,42.62
河北,保定,2017,12879,27.91
河北,保定,2018,11274,-12.46
河北,保定,2019,10672,-5.34
河北,保定,2020,10528,-1.35
河北,保定,2021,9553,-9.26
河北,保定,2022,8963,-6.18
河北,保定,2023,8394,-6.35
河北,保定,2024,8262,-1.57
河北,唐山,2011,7641,
河北,唐山,2012,6732,-11.90
河北,唐山,2013,7579,12.58
河北,唐山,2014,6916,-8.75
河北,唐山,2015,6071,-12.22
河北,唐山,2016,6195,2.04
河北,唐山,2017,7284,17.58
河北,唐山,2018,8163,12.07
河北,唐山,2019,9485,16.20
河北,唐山,2020,10268,8.26
河北,唐山,2021,9490,-7.58
河北,唐山,2022,9496,0.06
河北,唐山,2023,8403,-11.51
河北,唐山,2024,8404,0.01
河北,定州,2017,6613,
河北,定州,2018,7104,7.42
河北,定州,2019,7193,1.25
河北,定州,2020,7165,-0.39
河北,定州,2021,7135,-0.42
河北,定州,2022,6984,-2.12
河北,定州,2023,6668,-4.52
河北,定州,2024,6506,-2.43
河北,廊坊,2011,7504,
河北,廊坊,2012,6927,-7.69
河北,廊坊,2013,7208,4.06
河北,廊坊,2014,7358,2.08
河北,廊坊,2015,6986,-5.06
河北,廊坊,2016,16045,129.67
河北,廊坊,2017,15439,-3.78
河北,廊坊,2018,13869,-10.17
河北,廊坊,2019,13757,-0.81
河北,廊坊,2020,13848,0.66
河北,廊坊,2021,11811,-14.71
河北,廊坊,2022,10847,-8.16
河北,廊坊,2023,9810,-9.56
河北,廊坊,2024,9788,-0.22
河北,张北,2019,5861,
河北,张北,2020,5861,0.00
河北,张北,2021,5861,0.00
河北,张北,2022,5834,-0.46
河北,张北,2023,5547,-4.92
河北,张北,2024,5533,-0.25
河北,张家口,2015,6321,
河北,张家口,2016,8772,38.78
河北,张家口,2017,10372,18.24
河北,张家口,2018,9802,-5.50
河北,张家口,2019,9153,-6.62
河北,张家口,2020,8830,-3.53
河北,张家口,2021,7620,-13.70
河北,张家口,2022,7380,-3.15
河北,张家口,2023,6644,-9.97
河北,张家口,2024,6638,-0.09
河北,承德,2015,6012,
河北,承德,2016,6641,10.46
河北,承德,2017,9183,38.28
河北,承德,2018,9233,0.54
河北,承德,2019,10486,13.57
河北,承德,2020,10191,-2.81
河北,承德,2021,9238,-9.35
河北,承德,2022,8563,-7.31
河北,承德,2023,8220,-4.01
河北,承德,2024,8262,0.51
河北,正定,2019,13566,
河北,正定,2020,13526,-0.29
河北,正定,2021,13566,0.30
河北,正定,2022,13526,-0.29
河北,正定,2023,12417,-8.20
河北,正定,2024,12303,-0.92
河北,沧州,2015,5719,
河北,沧州,2016,6779,18.53
河北,沧州,2017,10062,48.43
河北,沧州,2018,8844,-12.10
河北,沧州,2019,10445,18.10
河北,沧州,2020,10853,3.91
河北,沧州,2021,10200,-6.02
河北,沧州,2022,11428,12.04
河北,沧州,2023,8858,-22.49
河北,沧州,2024,8831,-0.30
河北,石家庄,2010,6406,
河北,石家庄,2011,7248,13.14
河北,石家庄,2012,7661,5.70
河北,石家庄,2013,8569,11.85
河北,石家庄,2014,8729,1.87
河北,石家庄,2015,8914,2.12
河北,石家庄,2016,14758,65.56
河北,石家庄,2017,16843,14.13
河北,石家庄,2018,15471,-8.15
河北,石家庄,2019,15084,-2.50
河北,石家庄,2020,15165,0.54
河北,石家庄,2021,13805,-8.97
河北,石家庄,2022,13390,-3.01
河北,石家庄,2023,12514,-6.54
河北,石家庄,2024,12460,-0.43
河北,秦皇岛,2011,7757,
河北,秦皇岛,2012,7734,-0.30
河北,秦皇岛,2013,7883,1.93
河北,秦皇岛,2015,5767,-26.84
河北,秦皇岛,2016,6445,11.76
河北,秦皇岛,2017,7941,23.21
河北,秦皇岛,2018,9183,15.64
河北,秦皇岛,2019,11382,23.95
河北,秦皇岛,2020,11684,2.65
河北,秦皇岛,2021,11415,-2.30
河北,秦皇岛,2022,10367,-9.18
河北,秦皇岛,2023,9363,-9.68
河北,秦皇岛,2024,9187,-1.88
河北,衡水,2015,4834,
河北,衡水,2016,5004,3.52
河北,衡水,2017,7905,57.97
河北,衡水,2018,7749,-1.97
河北,衡水,2019,7800,0.66
河北,衡水,2020,8026,2.90
河北,衡水,2021,7700,-4.06
河北,衡水,2022,7482,-2.83
河北,衡水,2023,6630,-11.39
河北,衡水,2024,6543,-1.31
河北,邢台,2015,5555,
河北,邢台,2016,5432,-2.21
河北,邢台,2017,7644,40.72
河北,邢台,2018,8099,5.95
河北,邢台,2019,8271,2.12
河北,邢台,2020,8261,-0.12
河北,邢台,2021,7845,-5.04
河北,邢台,2022,7771,-0.94
河北,邢台,2023,7063,-9.11
河北,邢台,2024,7109,0.65
河北,邯郸,2011,6058,
河北,邯郸,2012,5952,-1.75
河北,邯郸,2013,5952,0.00
河北,邯郸,2015,6205,4.25
河北,邯郸,2016,6468,4.24
河北,邯郸,2017,8335,28.87
河北,邯郸,2018,9656,15.85
河北,邯郸,2019,9920,2.73
河北,邯郸,2020,10105,1.86
河北,邯郸,2021,10091,-0.14
河北,邯郸,2022,10287,1.94
河北,邯郸,2023,9545,-7.21
河北,邯郸,2024,9463,-0.86
河南,三门峡,2016,3665,
河南,三门峡,2017,4785,30.56
河南,三门峡,2018,5059,5.73
河南,三门峡,2019,4970,-1.76
河南,三门峡,2020,4970,0.00
河南,三门峡,2021,5595,12.58
河南,三门峡,2022,5771,3.15
河南,三门峡,2023,5476,-5.11
河南,三门峡,2024,5167,-5.64
河南,信阳,2016,5039,
河南,信阳,2017,6253,24.09
河南,信阳,2018,6327,1.18
河南,信阳,2019,6459,2.09
河南,信阳,2020,6563,1.61
河南,信阳,2021,6702,2.12
河南,信阳,2022,6441,-3.89
河南,信阳,2023,5879,-8.73
河南,信阳,2024,5816,-1.07
河南,南阳,2015,4432,
河南,南阳,2016,4564,2.98
河南,南阳,2017,5234,14.68
河南,南阳,2018,6943,32.65
河南,南阳,2019,8395,20.91
河南,南阳,2020,8585,2.26
河南,南阳,2021,8430,-1.81
河南,南阳,2022,7894,-6.36
河南,南阳,2023,6741,-14.61
河南,南阳,2024,6699,-0.62
河南,周口,2016,4838,
河南,周口,2017,4399,-9.07
河南,周口,2018,4775,8.55
河南,周口,2019,4945,3.56
河南,周口,2020,4952,0.14
河南,周口,2021,4921,-0.63
河南,周口,2022,4913,-0.16
河南,周口,2023,5042,2.63
河南,周口,2024,4998,-0.87
河南,商丘,2016,3843,
河南,商丘,2017,4992,29.90
河南,商丘,2018,5600,12.18
河南,商丘,2019,5614,0.25
河南,商丘,2020,5855,4.29
河南,商丘,2021,5940,1.45
河南,商丘,2022,6284,5.79
河南,商丘,2023,5556,-11.58
河南,商丘,2024,5513,-0.77
河南,安阳,2015,3862,
河南,安阳,2016,3839,-0.60
河南,安阳,2017,4971,29.49
河南,安阳,2018,5643,13.52
河南,安阳,2019,6101,8.12
河南,安阳,2020,6204,1.69
河南,安阳,2021,6537,5.37
河南,安阳,2022,6525,-0.18
河南,安阳,2023,6043,-7.39
河南,安阳,2024,5959,-1.39
河南,平顶山,2015,4877,
河南,平顶山,2016,4867,-0.21
河南,平顶山,2017,5155,5.92
河南,平顶山,2018,5325,3.30
河南,平顶山,2019,6154,15.57
河南,平顶山,2020,6068,-1.40
河南,平顶山,2021,6191,2.03
河南,平顶山,2022,6091,-1.62
河南,平顶山,2023,5567,-8.60
河南,平顶山,2024,5599,0.57
河南,开封,2015,4505,
河南,开封,2016,4460,-1.00
河南,开封,2017,6092,36.59
河南,开封,2018,6633,8.88
河南,开封,2019,7524,13.43
河南,开封,2020,7678,2.05
河南,开封,2021,6872,-10.50
河南,开封,2022,6596,-4.02
河南,开封,2023,5822,-11.73
河南,开封,2024,5759,-1.08
河南,新乡,2015,4355,
河南,新乡,2016,4939,13.41
河南,新乡,2017,6003,21.54
河南,新乡,2018,6614,10.18
河南,新乡,2019,6950,5.08
河南,新乡,2020,6968,0.26
河南,新乡,2021,6807,-2.31
河南,新乡,2022,7063,3.76
河南,新乡,2023,6428,-8.99
河南,新乡,2024,6481,0.82
河南,洛阳,2011,5454,
河南,洛阳,2012,5054,-7.33
河南,洛阳,2013,5281,4.49
河南,洛阳,2014,6020,13.99
河南,洛阳,2015,4812,-20.07
河南,洛阳,2016,4956,2.99
河南,洛阳,2017,6495,31.05
河南,洛阳,2018,7673,18.14
河南,洛阳,2019,8556,11.51
河南,洛阳,2020,8838,3.30
河南,洛阳,2021,9082,2.76
河南,洛阳,2022,8867,-2.37
河南,洛阳,2023,6969,-21.41
河南,洛阳,2024,6792,-2.54
河南,济源,2015,3278,
河南,济源,2016,3306,0.85
河南,济源,2017,5281,59.74
河南,济源,2018,6058,14.71
河南,济源,2019,6291,3.85
河南,济源,2020,6264,-0.43
河南,济源,2021,6279,0.24
河南,济源,2022,6289,0.16
河南,济源,2023,7137,13.48
河南,济源,2024,7349,2.97
河南,漯河,2015,3390,
河南,漯河,2016,3858,13.81
河南,漯河,2017,4338,12.44
河南,漯河,2018,5298,22.13
河南,漯河,2019,5711,7.80
河南,漯河,2020,5814,1.80
河南,漯河,2021,5819,0.09
河南,漯河,2022,5888,1.19
河南,漯河,2023,5235,-11.09
河南,漯河,2024,5232,-0.06
河南,濮阳,2015,5463,
河南,濮阳,2016,5400,-1.15
河南,濮阳,2017,6145,13.80
河南,濮阳,2018,6877,11.91
河南,濮阳,2019,7572,10.11
河南,濮阳,2020,7961,5.14
河南,濮阳,2021,8119,1.98
河南,濮阳,2022,7968,-1.86
河南,濮阳,2023,7323,-8.09
河南,濮阳,2024,7142,-2.47
河南,焦作,2015,4294,
河南,焦作,2016,4085,-4.87
河南,焦作,2017,4881,19.49
河南,焦作,2018,5057,3.61
河南,焦作,2019,5429,7.36
河南,焦作,2020,5305,-2.28
河南,焦作,2021,5549,4.60
河南,焦作,2022,5939,7.03
河南,焦作,2023,5400,-9.08
河南,焦作,2024,5581,3.35
河南,禹州,2019,4728,
河南,禹州,2020,4730,0.04
河南,禹州,2021,4722,-0.17
河南,禹州,2022,4722,0.00
河南,禹州,2023,4536,-3.94
河南,禹州,2024,4356,-3.97
河南,许昌,2015,5050,
河南,许昌,2016,5305,5.05
河南,许昌,2017,6407,20.77
河南,许昌,2018,6319,-1.37
河南,许昌,2019,6641,5.10
河南,许昌,2020,6622,-0.29
河南,许昌,2021,5932,-10.42
河南,许昌,2022,6288,6.00
河南,许昌,2023,5385,-14.36
河南,许昌,2024,5330,-1.02
河南,郑州,2010,5697,
河南,郑州,2011,6513,14.32
河南,郑州,2012,6881,5.65
河南,郑州,2013,8163,18.63
河南,郑州,2014,8434,3.32
河南,郑州,2015,8719,3.38
河南,郑州,2016,11994,37.56
河南,郑州,2017,12756,6.35
河南,郑州,2018,13473,5.62
河南,郑州,2019,13160,-2.32
河南,郑州,2020,13409,1.89
河南,郑州,2021,13311,-0.73
河南,郑州,2022,13398,0.65
河南,郑州,2023,11383,-15.04
河南,郑州,2024,11326,-0.50
河南,鄢陵,2019,4960,
河南,鄢陵,2020,4960,0.00
河南,鄢陵,2021,4752,-4.19
河南,鄢陵,2022,4697,-1.16
河南,鄢陵,2023,4667,-0.64
河南,鄢陵,2024,4628,-0.84
河南,长葛,2019,4771,
河南,长葛,2020,4775,0.08
河南,长葛,2021,4733,-0.88
河南,长葛,2022,4752,0.40
河南,长葛,2023,4524,-4.80
河南,长葛,2024,4466,-1.28
河南,驻马店,2016,4903,
河南,驻马店,2017,6592,34.45
河南,驻马店,2018,6381,-3.20
河南,驻马店,2019,6442,0.96
河南,驻马店,2020,6606,2.55
河南,驻马店,2021,6104,-7.60
河南,驻马店,2022,6057,-0.77
河南,驻马店,2023,5531,-8.68
河南,驻马店,2024,5476,-0.99
河南,鹤壁,2015,4758,
河南,鹤壁,2016,4528,-4.83
河南,鹤壁,2017,5573,23.08
河南,鹤壁,2018,6624,18.86
河南,鹤壁,2019,6976,5.31
河南,鹤壁,2020,7225,3.57
河南,鹤壁,2021,7315,1.25
河南,鹤壁,2022,7544,3.13
河南,鹤壁,2023,6875,-8.87
河南,鹤壁,2024,6313,-8.17
浙江,丽水,2016,14073,
浙江,丽水,2017,9656,-31.39
浙江,丽水,2018,9656,0.00
浙江,丽水,2019,9656,0.00
浙江,丽水,2020,9656,0.00
浙江,丽水,2021,9656,0.00
浙江,丽水,2022,9656,0.00
浙江,丽水,2023,9656,0.00
浙江,丽水,2024,9656,0.00
浙江,义乌,2016,5840,
浙江,义乌,2017,18238,212.29
浙江,义乌,2018,20013,9.73
浙江,义乌,2019,20384,1.85
浙江,义乌,2020,20605,1.08
浙江,义乌,2021,23472,13.91
浙江,义乌,2022,25139,7.10
浙江,义乌,2023,23808,-5.29
浙江,义乌,2024,24021,0.89
浙江,乐清,2019,11827,
浙江,乐清,2020,11745,-0.69
浙江,乐清,2021,11620,-1.06
浙江,乐清,2022,11523,-0.83
浙江,乐清,2023,11336,-1.62
浙江,乐清,2024,11329,-0.06
浙江,台州,2015,7479,
浙江,台州,2016,10025,34.04
浙江,台州,2017,12051,20.21
浙江,台州,2018,13338,10.68
浙江,台州,2019,14734,10.47
浙江,台州,2020,14864,0.88
浙江,台州,2021,17081,14.92
浙江,台州,2022,17434,2.07
浙江,台州,2023,15783,-9.47
浙江,台州,2024,15701,-0.52
浙江,嘉兴,2011,6817,
浙江,嘉兴,2013,3807,-44.15
浙江,嘉兴,2015,6670,75.20
浙江,嘉兴,2016,8823,32.28
浙江,嘉兴,2017,10397,17.84
浙江,嘉兴,2018,10910,4.93
浙江,嘉兴,2019,11806,8.21
浙江,嘉兴,2020,11703,-0.87
浙江,嘉兴,2021,12927,10.46
浙江,嘉兴,2022,13862,7.23
浙江,嘉兴,2023,12906,-6.90
浙江,嘉兴,2024,12569,-2.61
浙江,宁波,2011,15334,
浙江,宁波,2012,15219,-0.75
浙江,宁波,2013,15337,0.78
浙江,宁波,2014,14235,-7.19
浙江,宁波,2015,12152,-14.63
浙江,宁波,2016,13746,13.12
浙江,宁波,2017,16900,22.94
浙江,宁波,2018,20150,19.23
浙江,宁波,2019,22614,12.23
浙江,宁波,2020,23333,3.18
浙江,宁波,2021,26525,13.68
浙江,宁波,2022,25429,-4.13
浙江,宁波,2023,22630,-11.01
浙江,宁波,2024,22589,-0.18
浙江,杭州,2010,21683,
浙江,杭州,2011,19563,-9.78
浙江,杭州,2012,18563,-5.11
浙江,杭州,2013,18977,2.23
浙江,杭州,2014,16848,-11.22
浙江,杭州,2015,15951,-5.32
浙江,杭州,2016,21481,34.67
浙江,杭州,2017,28311,31.80
浙江,杭州,2018,28421,0.39
浙江,杭州,2019,26788,-5.75
浙江,杭州,2020,26913,0.47
浙江,杭州,2021,31088,15.51
浙江,杭州,2022,33797,8.71
浙江,杭州,2023,30788,-8.90
浙江,杭州,2024,29953,-2.71
浙江,温州,2015,16738,
浙江,温州,2016,17840,6.58
浙江,温州,2017,17848,0.04
浙江,温州,2018,19306,8.17
浙江,温州,2019,20802,7.75
浙江,温州,2020,20950,0.71
浙江,温州,2021,21808,4.10
浙江,温州,2022,19798,-9.22
浙江,温州,2023,15968,-19.35
浙江,温州,2024,15555,-2.59
浙江,湖州,2015,8177,
浙江,湖州,2016,8262,1.04
浙江,湖州,2017,10893,31.84
浙江,湖州,2018,10537,-3.27
浙江,湖州,2019,10007,-5.03
浙江,湖州,2020,10080,0.73
浙江,湖州,2021,10409,3.26
浙江,湖州,2022,10757,3.34
浙江,湖州,2023,10044,-6.63
浙江,湖州,2024,9764,-2.79
浙江,瑞安,2019,17133,
浙江,瑞安,2020,17321,1.10
浙江,瑞安,2021,17493,0.99
浙江,瑞安,2022,17251,-1.38
浙江,瑞安,2023,17084,-0.97
浙江,瑞安,2024,17043,-0.24
浙江,绍兴,2011,9564,
浙江,绍兴,2013,7853,-17.89
浙江,绍兴,2015,9034,15.04
浙江,绍兴,2016,9024,-0.11
浙江,绍兴,2017,11806,30.83
浙江,绍兴,2018,13805,16.93
浙江,绍兴,2019,15916,15.29
浙江,绍兴,2020,16198,1.77
浙江,绍兴,2021,17583,8.55
浙江,绍兴,2022,18099,2.93
浙江,绍兴,2023,16602,-8.27
浙江,绍兴,2024,16696,0.57
浙江,舟山,2016,10682,
浙江,舟山,2017,13252,24.06
浙江,舟山,2018,16274,22.80
浙江,舟山,2019,16875,3.69
浙江,舟山,2020,16682,-1.14
浙江,舟山,2021,15420,-7.57
浙江,舟山,2022,14522,-5.82
浙江,舟山,2023,12567,-13.46
浙江,舟山,2024,12410,-1.25
浙江,衢州,2015,7510,
浙江,衢州,2016,7974,6.18
浙江,衢州,2017,11166,40.03
浙江,衢州,2018,13083,17.17
浙江,衢州,2019,14279,9.14
浙江,衢州,2020,14811,3.73
浙江,衢州,2021,16107,8.75
浙江,衢州,2022,15870,-1.47
浙江,衢州,2023,14070,-11.34
浙江,衢州,2024,13980,-0.64
浙江,金华,2015,9834,
浙江,金华,2016,10308,4.82
浙江,金华,2017,14387,39.57
浙江,金华,2018,16462,14.42
浙江,金华,2019,15922,-3.28
浙江,金华,2020,16367,2.79
浙江,金华,2021,18533,13.23
浙江,金华,2022,17022,-8.15
浙江,金华,2023,16670,-2.07
浙江,金华,2024,16286,-2.30
海南,万宁,2023,10187,
海南,万宁,2024,9909,-2.73
海南,三亚,2011,16113,
海南,三亚,2012,18041,11.97
海南,三亚,2013,18941,4.99
海南,三亚,2014,19318,1.99
海南,三亚,2015,14274,-26.11
海南,三亚,2016,14658,2.69
海南,三亚,2017,26025,77.55
海南,三亚,2018,31450,20.85
海南,三亚,2019,28248,-10.18
海南,三亚,2020,26806,-5.10
海南,三亚,2021,30182,12.59
海南,三亚,2022,30346,0.54
海南,三亚,2023,29784,-1.85
海南,三亚,2024,29787,0.01
海南,东方,2023,11179,
海南,东方,2024,11416,2.12
海南,五指山,2023,9710,
海南,五指山,2024,9489,-2.28
海南,儋州,2023,7768,
海南,儋州,2024,7746,-0.28
海南,文昌,2023,8804,
海南,文昌,2024,9049,2.78
海南,海口,2011,8011,
海南,海口,2012,7399,-7.64
海南,海口,2013,6913,-6.57
海南,海口,2014,7356,6.41
海南,海口,2015,7143,-2.90
海南,海口,2016,7387,3.42
海南,海口,2017,11881,60.84
海南,海口,2018,14903,25.44
海南,海口,2019,14881,-0.15
海南,海口,2020,14709,-1.16
海南,海口,2021,17571,19.46
海南,海口,2022,17182,-2.21
海南,海口,2023,15484,-9.88
海南,海口,2024,15653,1.09
海南,琼海,2023,9257,
海南,琼海,2024,9027,-2.48
湖北,仙桃,2018,6154,
湖北,仙桃,2019,5092,-17.26
湖北,仙桃,2020,4604,-9.58
湖北,仙桃,2021,4534,-1.52
湖北,仙桃,2022,4711,3.90
湖北,仙桃,2023,5552,17.85
湖北,仙桃,2024,5598,0.83
湖北,十堰,2015,4960,
湖北,十堰,2016,4960,0.00
湖北,十堰,2017,5347,7.80
湖北,十堰,2018,5744,7.42
湖北,十堰,2019,6183,7.64
湖北,十堰,2020,6321,2.23
湖北,十堰,2021,6353,0.51
湖北,十堰,2022,6538,2.91
湖北,十堰,2023,5661,-13.41
湖北,十堰,2024,5592,-1.22
湖北,咸宁,2016,2865,
湖北,咸宁,2017,3268,14.07
湖北,咸宁,2018,4417,35.16
湖北,咸宁,2019,4379,-0.86
湖北,咸宁,2020,4352,-0.62
湖北,咸宁,2021,4424,1.65
湖北,咸宁,2022,4421,-0.07
湖北,咸宁,2023,4317,-2.35
湖北,咸宁,2024,4322,0.12
湖北,天门,2019,5346,
湖北,天门,2020,5368,0.41
湖北,天门,2021,5402,0.63
湖北,天门,2022,5275,-2.35
湖北,天门,2023,5088,-3.55
湖北,天门,2024,5085,-0.06
湖北,孝感,2015,4023,
湖北,孝感,2016,4233,5.22
湖北,孝感,2017,5152,21.71
湖北,孝感,2018,5850,13.55
湖北,孝感,2019,6121,4.63
湖北,孝感,2020,6262,2.30
湖北,孝感,2021,5572,-11.02
湖北,孝感,2022,5409,-2.93
湖北,孝感,2023,4811,-11.06
湖北,孝感,2024,4876,1.35
湖北,宜昌,2011,5851,
湖北,宜昌,2012,6355,8.61
湖北,宜昌,2013,6696,5.37
湖北,宜昌,2015,5962,-10.96
湖北,宜昌,2016,6248,4.80
湖北,宜昌,2017,7471,19.57
湖北,宜昌,2018,8813,17.96
湖北,宜昌,2019,8036,-8.82
湖北,宜昌,2020,8074,0.47
湖北,宜昌,2021,7785,-3.58
湖北,宜昌,2022,7743,-0.54
湖北,宜昌,2023,6812,-12.02
湖北,宜昌,2024,6836,0.35
湖北,恩施,2015,4555,
湖北,恩施,2016,4651,2.11
湖北,恩施,2017,5314,14.25
湖北,恩施,2018,6028,13.44
湖北,恩施,2019,6268,3.98
湖北,恩施,2020,6282,0.22
湖北,恩施,2021,6285,0.05
湖北,恩施,2022,6242,-0.68
湖北,恩施,2023,5936,-4.90
湖北,恩施,2024,5983,0.79
湖北,武汉,2010,6849,
湖北,武汉,2011,7791,13.75
湖北,武汉,2012,7934,1.84
湖北,武汉,2013,8754,10.34
湖北,武汉,2014,9165,4.69
湖北,武汉,2015,9920,8.24
湖北,武汉,2016,13764,38.75
湖北,武汉,2017,16128,17.18
湖北,武汉,2018,17445,8.17
湖北,武汉,2019,16691,-4.32
湖北,武汉,2020,15996,-4.16
湖北,武汉,2021,16756,4.75
湖北,武汉,2022,15768,-5.90
湖北,武汉,2023,14351,-8.99
湖北,武汉,2024,14316,-0.24
湖北,汉川,2020,4055,
湖北,汉川,2021,4055,0.00
湖北,汉川,2022,4055,0.00
湖北,汉川,2023,4055,0.00
湖北,汉川,2024,4055,0.00
湖北,潜江,2017,4824,
湖北,潜江,2018,6046,25.33
湖北,潜江,2019,5324,-11.94
湖北,潜江,2020,5357,0.62
湖北,潜江,2021,5534,3.30
湖北,潜江,2022,5481,-0.96
湖北,潜江,2023,5278,-3.70
湖北,潜江,2024,5368,1.71
湖北,荆州,2015,4496,
湖北,荆州,2016,4680,4.09
湖北,荆州,2017,6311,34.85
湖北,荆州,2018,6260,-0.81
湖北,荆州,2019,6518,4.12
湖北,荆州,2020,6618,1.53
湖北,荆州,2021,6298,-4.84
湖北,荆州,2022,6264,-0.54
湖北,荆州,2023,5488,-12.39
湖北,荆州,2024,5462,-0.47
湖北,荆门,2015,3579,
湖北,荆门,2016,3592,0.36
湖北,荆门,2017,4398,22.44
湖北,荆门,2018,4975,13.12
湖北,荆门,2019,5286,6.25
湖北,荆门,2020,5475,3.58
湖北,荆门,2021,5162,-5.72
湖北,荆门,2022,5132,-0.58
湖北,荆门,2023,4613,-10.11
湖北,荆门,2024,4613,0.00
湖北,襄阳,2015,5429,
湖北,襄阳,2016,6209,14.37
湖北,襄阳,2017,8327,34.11
湖北,襄阳,2018,8775,5.38
湖北,襄阳,2019,9140,4.16
湖北,襄阳,2020,9134,-0.07
湖北,襄阳,2021,8621,-5.62
湖北,襄阳,2022,8307,-3.64
湖北,襄阳,2023,7725,-7.01
湖北,襄阳,2024,7741,0.21
湖北,鄂州,2015,3078,
湖北,鄂州,2016,3964,28.78
湖北,鄂州,2017,4547,14.71
湖北,鄂州,2018,5792,27.38
湖北,鄂州,2019,5670,-2.11
湖北,鄂州,2020,5659,-0.19
湖北,鄂州,2021,5692,0.58
湖北,鄂州,2022,5631,-1.07
湖北,鄂州,2023,5412,-3.89
湖北,鄂州,2024,5323,-1.64
湖北,随州,2017,4955,
湖北,随州,2018,5357,8.11
湖北,随州,2019,5301,-1.05
湖北,随州,2020,5242,-1.11
湖北,随州,2021,5197,-0.86
湖北,随州,2022,5232,0.67
湖北,随州,2023,5181,-0.97
湖北,随州,2024,5083,-1.89
湖北,黄冈,2015,3570,
湖北,黄冈,2016,3620,1.40
湖北,黄冈,2017,4638,28.12
湖北,黄冈,2018,5531,19.25
湖北,黄冈,2019,6107,10.41
湖北,黄冈,2020,6152,0.74
湖北,黄冈,2021,6077,-1.22
湖北,黄冈,2022,6501,6.98
湖北,黄冈,2023,5411,-16.77
湖北,黄冈,2024,5357,-1.00
湖北,黄石,2015,4654,
湖北,黄石,2016,4997,7.37
湖北,黄石,2017,6159,23.25
湖北,黄石,2018,6900,12.03
湖北,黄石,2019,6364,-7.77
湖北,黄石,2020,6233,-2.06
湖北,黄石,2021,5970,-4.22
湖北,黄石,2022,5860,-1.84
湖北,黄石,2023,5462,-6.79
湖北,黄石,2024,5441,-0.38
湖南,娄底,2015,3003,
湖南,娄底,2016,3168,5.49
湖南,娄底,2017,4705,48.52
湖南,娄底,2018,5301,12.67
湖南,娄底,2019,5614,5.90
湖南,娄底,2020,6007,7.00
湖南,娄底,2021,5765,-4.03
湖南,娄底,2022,5503,-4.54
湖南,娄底,2023,5174,-5.98
湖南,娄底,2024,5136,-0.73
湖南,岳阳,2016,5166,
湖南,岳阳,2017,6853,32.66
湖南,岳阳,2018,7090,3.46
湖南,岳阳,2019,7120,0.42
湖南,岳阳,2020,6975,-2.04
湖南,岳阳,2021,6460,-7.38
湖南,岳阳,2022,6687,3.51
湖南,岳阳,2023,5893,-11.87
湖南,岳阳,2024,5851,-0.71
湖南,常德,2015,4727,
湖南,常德,2016,4809,1.73
湖南,常德,2017,6157,28.03
湖南,常德,2018,6744,9.53
湖南,常德,2019,6996,3.74
湖南,常德,2020,6779,-3.10
湖南,常德,2021,6459,-4.72
湖南,常德,2022,6100,-5.56
湖南,常德,2023,5444,-10.75
湖南,常德,2024,5393,-0.94
湖南,张家界,2017,6572,
湖南,张家界,2018,6860,4.38
湖南,张家界,2019,6857,-0.04
湖南,张家界,2020,7064,3.02
湖南,张家界,2021,6745,-4.52
湖南,张家界,2022,6569,-2.61
湖南,张家界,2023,6230,-5.16
湖南,张家界,2024,6171,-0.95
湖南,怀化,2015,3686,
湖南,怀化,2016,3872,5.05
湖南,怀化,2017,4922,27.12
湖南,怀化,2018,5547,12.70
湖南,怀化,2019,5739,3.46
湖南,怀化,2020,5576,-2.84
湖南,怀化,2021,5424,-2.73
湖南,怀化,2022,5381,-0.79
湖南,怀化,2023,4518,-16.04
湖南,怀化,2024,4510,-0.18
湖南,株洲,2015,4520,
湖南,株洲,2016,4674,3.41
湖南,株洲,2017,5431,16.20
湖南,株洲,2018,6039,11.19
湖南,株洲,2019,6339,4.97
湖南,株洲,2020,6391,0.82
湖南,株洲,2021,6405,0.22
湖南,株洲,2022,6123,-4.40
湖南,株洲,2023,5299,-13.46
湖南,株洲,2024,5295,-0.08
湖南,永州,2015,3504,
湖南,永州,2016,3669,4.71
湖南,永州,2017,4772,30.06
湖南,永州,2018,6090,27.62
湖南,永州,2019,6560,7.72
湖南,永州,2020,6514,-0.70
湖南,永州,2021,5766,-11.48
湖南,永州,2022,5213,-9.59
湖南,永州,2023,4872,-6.54
湖南,永州,2024,4838,-0.70
湖南,湘潭,2015,3917,
湖南,湘潭,2016,4391,12.10
湖南,湘潭,2017,4859,10.66
湖南,湘潭,2018,5245,7.94
湖南,湘潭,2019,5441,3.74
湖南,湘潭,2020,5437,-0.07
湖南,湘潭,2021,5738,5.54
湖南,湘潭,2022,5547,-3.33
湖南,湘潭,2023,4889,-11.86
湖南,湘潭,2024,4884,-0.10
湖南,湘西,2017,3944,
湖南,湘西,2018,4712,19.47
湖南,湘西,2019,5183,10.00
湖南,湘西,2020,5196,0.25
湖南,湘西,2021,5176,-0.38
湖南,湘西,2022,5155,-0.41
湖南,湘西,2023,4729,-8.26
湖南,湘西,2024,4670,-1.25
湖南,益阳,2015,3741,
湖南,益阳,2016,3956,5.75
湖南,益阳,2017,5497,38.95
湖南,益阳,2018,6125,11.42
湖南,益阳,2019,5944,-2.96
湖南,益阳,2020,5689,-4.29
湖南,益阳,2021,6026,5.92
湖南,益阳,2022,6205,2.97
湖南,益阳,2023,5293,-14.70
湖南,益阳,2024,5172,-2.29
湖南,衡阳,2015,3451,
湖南,衡阳,2016,3657,5.97
湖南,衡阳,2017,4706,28.68
湖南,衡阳,2018,5461,16.04
湖南,衡阳,2019,5510,0.90
湖南,衡阳,2020,5432,-1.42
湖南,衡阳,2021,5732,5.52
湖南,衡阳,2022,5828,1.67
湖南,衡阳,2023,4886,-16.16
湖南,衡阳,2024,4839,-0.96
湖南,邵阳,2015,3954,
湖南,邵阳,2016,4170,5.46
湖南,邵阳,2017,4493,7.75
湖南,邵阳,2018,5082,13.11
湖南,邵阳,2019,5496,8.15
湖南,邵阳,2020,5455,-0.75
湖南,邵阳,2021,5231,-4.11
湖南,邵阳,2022,5112,-2.27
湖南,邵阳,2023,4848,-5.16
湖南,邵阳,2024,4862,0.29
湖南,郴州,2015,3808,
湖南,郴州,2016,3971,4.28
湖南,郴州,2017,4770,20.12
湖南,郴州,2018,5861,22.87
湖南,郴州,2019,6074,3.63
湖南,郴州,2020,6043,-0.51
湖南,郴州,2021,6286,4.02
湖南,郴州,2022,6157,-2.05
湖南,郴州,2023,5671,-7.89
湖南,郴州,2024,5562,-1.92
湖南,长沙,2010,6122,
湖南,长沙,2011,6726,9.87
湖南,长沙,2012,6486,-3.57
湖南,长沙,2013,6466,-0.31
湖南,长沙,2014,6349,-1.81
湖南,长沙,2015,6396,0.74
湖南,长沙,2016,7540,17.89
湖南,长沙,2017,9794,29.89
湖南,长沙,2018,10541,7.63
湖南,长沙,2019,9996,-5.17
湖南,长沙,2020,9900,-0.96
湖南,长沙,2021,10395,5.00
湖南,长沙,2022,10591,1.89
湖南,长沙,2023,9939,-6.16
湖南,长沙,2024,9915,-0.24
甘肃,临夏,2019,5191,
甘肃,临夏,2020,5692,9.65
甘肃,临夏,2021,6441,13.16
甘肃,临夏,2022,5593,-13.17
甘肃,临夏,2023,6697,19.74
甘肃,临夏,2024,6661,-0.54
甘肃,兰州,2011,8280,
甘肃,兰州,2012,8000,-3.38
甘肃,兰州,2013,8646,8.08
甘肃,兰州,2014,9224,6.69
甘肃,兰州,2015,8397,-8.97
甘肃,兰州,2016,8941,6.48
甘肃,兰州,2017,9909,10.83
甘肃,兰州,2018,11542,16.48
甘肃,兰州,2019,12327,6.80
甘肃,兰州,2020,12619,2.37
甘肃,兰州,2021,12598,-0.17
甘肃,兰州,2022,11712,-7.03
甘肃,兰州,2023,10629,-9.25
甘肃,兰州,2024,10545,-0.79
甘肃,嘉峪关,2019,4296,
甘肃,嘉峪关,2020,4384,2.05
甘肃,嘉峪关,2021,4742,8.17
甘肃,嘉峪关,2022,4823,1.71
甘肃,嘉峪关,2023,5065,5.02
甘肃,嘉峪关,2024,5117,1.03
甘肃,天水,2018,8070,
甘肃,天水,2019,9721,20.46
甘肃,天水,2020,9793,0.74
甘肃,天水,2021,9548,-2.50
甘肃,天水,2022,8790,-7.94
甘肃,天水,2023,7776,-11.54
甘肃,天水,2024,7748,-0.36
甘肃,定西,2016,4829,
甘肃,定西,2017,5176,7.19
甘肃,定西,2018,4854,-6.22
甘肃,定西,2019,5633,16.05
甘肃,定西,2020,5733,1.78
甘肃,定西,2021,6149,7.26
甘肃,定西,2022,5914,-3.82
甘肃,定西,2023,6285,6.27
甘肃,定西,2024,6242,-0.68
甘肃,平凉,2016,6094,
甘肃,平凉,2017,6694,9.85
甘肃,平凉,2018,6490,-3.05
甘肃,平凉,2019,6589,1.53
甘肃,平凉,2020,6624,0.53
甘肃,平凉,2021,6671,0.71
甘肃,平凉,2022,6399,-4.08
甘肃,平凉,2023,6137,-4.09
甘肃,平凉,2024,5959,-2.90
甘肃,庆阳,2016,5407,
甘肃,庆阳,2017,5943,9.91
甘肃,庆阳,2018,7116,19.74
甘肃,庆阳,2019,7593,6.70
甘肃,庆阳,2020,7617,0.32
甘肃,庆阳,2021,8047,5.65
甘肃,庆阳,2022,7570,-5.93
甘肃,庆阳,2023,7641,0.94
甘肃,庆阳,2024,7610,-0.41
甘肃,张掖,2019,3547,
甘肃,张掖,2020,3573,0.73
甘肃,张掖,2021,3596,0.64
甘肃,张掖,2022,3611,0.42
甘肃,张掖,2023,3850,6.62
甘肃,张掖,2024,3887,0.96
甘肃,武威,2018,6587,
甘肃,武威,2019,6503,-1.28
甘肃,武威,2020,6499,-0.06
甘肃,武威,2021,6867,5.66
甘肃,武威,2022,6565,-4.40
甘肃,武威,2023,6468,-1.48
甘肃,武威,2024,6480,0.19
甘肃,白银,2018,4827,
甘肃,白银,2019,5618,16.39
甘肃,白银,2020,5645,0.48
甘肃,白银,2021,5556,-1.58
甘肃,白银,2022,5548,-0.14
甘肃,白银,2023,5329,-3.95
甘肃,白银,2024,5303,-0.49
甘肃,酒泉,2016,4705,
甘肃,酒泉,2017,5133,9.10
甘肃,酒泉,2018,5285,2.96
甘肃,酒泉,2019,5375,1.70
甘肃,酒泉,2020,5431,1.04
甘肃,酒泉,2021,5697,4.90
甘肃,酒泉,2022,5824,2.23
甘肃,酒泉,2023,6420,10.23
甘肃,酒泉,2024,6402,-0.28
甘肃,金昌,2019,4285,
甘肃,金昌,2020,4213,-1.68
甘肃,金昌,2021,4473,6.17
甘肃,金昌,2022,4719,5.50
甘肃,金昌,2023,5050,7.01
甘肃,金昌,2024,5099,0.97
甘肃,陇南,2019,7727,
甘肃,陇南,2020,7679,-0.62
甘肃,陇南,2021,7714,0.46
甘肃,陇南,2022,7714,0.00
甘肃,陇南,2023,7605,-1.41
甘肃,陇南,2024,7683,1.03
福建,三明,2015,7423,
福建,三明,2016,7026,-5.35
福建,三明,2017,7412,5.49
福建,三明,2018,8166,10.17
福建,三明,2019,9640,18.05
福建,三明,2020,9975,3.48
福建,三明,2021,10647,6.74
福建,三明,2022,10525,-1.15
福建,三明,2023,10305,-2.09
福建,三明,2024,9557,-7.26
福建,南平,2016,5849,
福建,南平,2017,7809,33.51
福建,南平,2018,8211,5.15
福建,南平,2019,8427,2.63
福建,南平,2020,8567,1.66
福建,南平,2021,9015,5.23
福建,南平,2022,8863,-1.69
福建,南平,2023,7902,-10.84
福建,南平,2024,8091,2.39
福建,厦门,2011,17397,
福建,厦门,2012,17047,-2.01
福建,厦门,2013,22939,34.56
福建,厦门,2014,24644,7.43
福建,厦门,2015,25762,4.54
福建,厦门,2016,38571,49.72
福建,厦门,2017,46799,21.33
福建,厦门,2018,43216,-7.66
福建,厦门,2019,45625,5.57
福建,厦门,2020,46899,2.79
福建,厦门,2021,50165,6.96
福建,厦门,2022,52555,4.76
福建,厦门,2023,52030,-1.00
福建,厦门,2024,51635,-0.76
福建,宁德,2016,6724,
福建,宁德,2017,9415,40.02
福建,宁德,2018,9963,5.82
福建,宁德,2019,10639,6.79
福建,宁德,2020,11517,8.25
福建,宁德,2021,13215,14.74
福建,宁德,2022,13695,3.63
福建,宁德,2023,13377,-2.32
福建,宁德,2024,12868,-3.81
福建,武夷山,2019,10624,
福建,武夷山,2020,10878,2.39
福建,武夷山,2021,10422,-4.19
福建,武夷山,2022,10609,1.79
福建,武夷山,2023,10307,-2.85
福建,武夷山,2024,10274,-0.32
福建,泉州,2011,8458,
福建,泉州,2012,8199,-3.06
福建,泉州,2013,8654,5.55
福建,泉州,2014,9326,7.77
福建,泉州,2015,7782,-16.56
福建,泉州,2016,8349,7.29
福建,泉州,2017,10565,26.54
福建,泉州,2018,11129,5.34
福建,泉州,2019,11250,1.09
福建,泉州,2020,11425,1.56
福建,泉州,2021,14588,27.68
福建,泉州,2022,14585,-0.02
福建,泉州,2023,13919,-4.57
福建,泉州,2024,13644,-1.98
福建,漳州,2015,8439,
福建,漳州,2016,9583,13.56
福建,漳州,2017,13560,41.50
福建,漳州,2018,12272,-9.50
福建,漳州,2019,12831,4.56
福建,漳州,2020,12719,-0.87
福建,漳州,2021,12876,1.23
福建,漳州,2022,12585,-2.26
福建,漳州,2023,11703,-7.01
福建,漳州,2024,11213,-4.19
福建,福州,2011,10942,
福建,福州,2012,11656,6.53
福建,福州,2013,13730,17.79
福建,福州,2014,13837,0.78
福建,福州,2015,14460,4.50
福建,福州,2016,19663,35.98
福建,福州,2017,26556,35.06
福建,福州,2018,24500,-7.74
福建,福州,2019,24092,-1.67
福建,福州,2020,23758,-1.39
福建,福州,2021,23528,-0.97
福建,福州,2022,20978,-10.84
福建,福州,2023,20420,-2.66
福建,福州,2024,19981,-2.15
福建,莆田,2015,9920,
福建,莆田,2016,9832,-0.89
福建,莆田,2017,13546,37.77
福建,莆田,2018,13485,-0.45
福建,莆田,2019,12059,-10.57
福建,莆田,2020,11830,-1.90
福建,莆田,2021,12840,8.54
福建,莆田,2022,12569,-2.11
福建,莆田,2023,12612,0.34
福建,莆田,2024,12524,-0.70
福建,龙岩,2015,8314,
福建,龙岩,2016,8575,3.14
福建,龙岩,2017,10481,22.23
福建,龙岩,2018,10879,3.80
福建,龙岩,2019,11678,7.34
福建,龙岩,2020,12038,3.08
福建,龙岩,2021,13196,9.62
福建,龙岩,2022,12037,-8.78
福建,龙岩,2023,10680,-11.27
福建,龙岩,2024,10656,-0.22
西藏,山南,2021,6361,
西藏,山南,2022,6902,8.50
西藏,山南,2023,6902,0.00
西藏,山南,2024,6902,0.00
西藏,拉萨,2015,6114,
西藏,拉萨,2016,7548,23.45
西藏,拉萨,2017,9099,20.55
西藏,拉萨,2018,11051,21.45
西藏,拉萨,2019,11835,7.09
西藏,拉萨,2020,12165,2.79
西藏,拉萨,2021,12859,5.70
西藏,拉萨,2022,12107,-5.85
西藏,拉萨,2023,12191,0.69
西藏,拉萨,2024,12108,-0.68
西藏,日喀则,2021,7898,
西藏,日喀则,2022,8593,8.80
西藏,日喀则,2023,7793,-9.31
西藏,日喀则,2024,7301,-6.31
西藏,林芝,2019,8680,
西藏,林芝,2020,8680,0.00
西藏,林芝,2021,7902,-8.96
西藏,林芝,2022,8268,4.63
西藏,林芝,2023,7324,-11.42
西藏,林芝,2024,7255,-0.94
贵州,六盘水,2015,4209,
贵州,六盘水,2016,3776,-10.29
贵州,六盘水,2018,4388,16.21
贵州,六盘水,2019,5001,13.97
贵州,六盘水,2020,4968,-0.66
贵州,六盘水,2021,4887,-1.63
贵州,六盘水,2022,4848,-0.80
贵州,六盘水,2023,4666,-3.75
贵州,六盘水,2024,4551,-2.46
贵州,安顺,2019,5217,
贵州,安顺,2020,5166,-0.98
贵州,安顺,2021,4928,-4.61
贵州,安顺,2022,4945,0.34
贵州,安顺,2023,4350,-12.03
贵州,安顺,2024,4473,2.83
贵州,毕节,2019,4709,
贵州,毕节,2020,4698,-0.23
贵州,毕节,2021,4575,-2.62
贵州,毕节,2022,4626,1.11
贵州,毕节,2023,4394,-5.02
贵州,毕节,2024,4475,1.84
贵州,贵阳,2011,5443,
贵州,贵阳,2012,5082,-6.63
贵州,贵阳,2013,5314,4.57
贵州,贵阳,2014,5452,2.60
贵州,贵阳,2015,5758,5.61
贵州,贵阳,2016,6125,6.37
贵州,贵阳,2017,7424,21.21
贵州,贵阳,2018,9665,30.19
贵州,贵阳,2019,9103,-5.81
贵州,贵阳,2020,8864,-2.63
贵州,贵阳,2021,8598,-3.00
贵州,贵阳,2022,8222,-4.37
贵州,贵阳,2023,7669,-6.73
贵州,贵阳,2024,7659,-0.13
贵州,遵义,2016,4532,
贵州,遵义,2017,5510,21.58
贵州,遵义,2018,6223,12.94
贵州,遵义,2019,6237,0.22
贵州,遵义,2020,6024,-3.42
贵州,遵义,2021,5743,-4.66
贵州,遵义,2022,5675,-1.18
贵州,遵义,2023,5383,-5.15
贵州,遵义,2024,5351,-0.59
贵州,铜仁,2019,5123,
贵州,铜仁,2020,5130,0.14
贵州,铜仁,2021,5036,-1.83
贵州,铜仁,2022,5005,-0.62
贵州,铜仁,2023,4927,-1.56
贵州,铜仁,2024,4853,-1.50
贵州,黔东南,2019,5821,
贵州,黔东南,2020,5818,-0.05
贵州,黔东南,2021,5682,-2.34
贵州,黔东南,2022,5694,0.21
贵州,黔东南,2023,4952,-13.03
贵州,黔东南,2024,4842,-2.22
贵州,黔南,2019,4913,
贵州,黔南,2020,4898,-0.31
贵州,黔南,2021,4588,-6.33
贵州,黔南,2022,4537,-1.11
贵州,黔南,2023,4119,-9.21
贵州,黔南,2024,4162,1.04
贵州,黔西南,2019,4230,
贵州,黔西南,2020,4199,-0.73
贵州,黔西南,2021,4143,-1.33
贵州,黔西南,2022,4145,0.05
贵州,黔西南,2023,4162,0.41
贵州,黔西南,2024,4252,2.16
辽宁,丹东,2015,5491,
辽宁,丹东,2016,5474,-0.31
辽宁,丹东,2017,5646,3.14
辽宁,丹东,2018,6273,11.11
辽宁,丹东,2019,6736,7.38
辽宁,丹东,2020,6962,3.36
辽宁,丹东,2021,6721,-3.46
辽宁,丹东,2022,6397,-4.82
辽宁,丹东,2023,6035,-5.66
辽宁,丹东,2024,6069,0.56
辽宁,大连,2010,10846,
辽宁,大连,2011,11026,1.66
辽宁,大连,2012,10455,-5.18
辽宁,大连,2013,10884,4.10
辽宁,大连,2014,10100,-7.20
辽宁,大连,2015,9737,-3.59
辽宁,大连,2016,9775,0.39
辽宁,大连,2017,10411,6.51
辽宁,大连,2018,11797,13.31
辽宁,大连,2019,13683,15.99
辽宁,大连,2020,14543,6.29
辽宁,大连,2021,15221,4.66
辽宁,大连,2022,14154,-7.01
辽宁,大连,2023,12950,-8.51
辽宁,大连,2024,12565,-2.97
辽宁,抚顺,2016,4452,
辽宁,抚顺,2017,4762,6.96
辽宁,抚顺,2018,4523,-5.02
辽宁,抚顺,2019,4805,6.23
辽宁,抚顺,2020,4916,2.31
辽宁,抚顺,2021,4817,-2.01
辽宁,抚顺,2022,4785,-0.66
辽宁,抚顺,2023,4308,-9.97
辽宁,抚顺,2024,4257,-1.18
辽宁,朝阳,2017,4708,
辽宁,朝阳,2018,4645,-1.34
辽宁,朝阳,2019,4686,0.88
辽宁,朝阳,2020,4700,0.30
辽宁,朝阳,2021,5042,7.28
辽宁,朝阳,2022,4915,-2.52
辽宁,朝阳,2023,4916,0.02
辽宁,朝阳,2024,4916,0.00
辽宁,本溪,2016,4809,
辽宁,本溪,2018,5328,10.79
辽宁,本溪,2019,5216,-2.10
辽宁,本溪,2020,5250,0.65
辽宁,本溪,2021,5313,1.20
辽宁,本溪,2022,5135,-3.35
辽宁,本溪,2023,4845,-5.65
辽宁,本溪,2024,4810,-0.72
辽宁,沈阳,2011,8040,
辽宁,沈阳,2012,7965,-0.93
辽宁,沈阳,2013,8203,2.99
辽宁,沈阳,2014,7927,-3.36
辽宁,沈阳,2015,7184,-9.37
辽宁,沈阳,2016,7184,0.00
辽宁,沈阳,2017,7935,10.45
辽宁,沈阳,2018,8932,12.56
辽宁,沈阳,2019,9736,9.00
辽宁,沈阳,2020,9909,1.78
辽宁,沈阳,2021,10003,0.95
辽宁,沈阳,2022,9321,-6.82
辽宁,沈阳,2023,8582,-7.93
辽宁,沈阳,2024,8567,-0.17
辽宁,瓦房店,2019,7212,
辽宁,瓦房店,2020,7212,0.00
辽宁,瓦房店,2021,7108,-1.44
辽宁,瓦房店,2022,6281,-11.63
辽宁,瓦房店,2023,5152,-17.97
辽宁,瓦房店,2024,5143,-0.17
辽宁,盘锦,2015,3840,
辽宁,盘锦,2016,3949,2.84
辽宁,盘锦,2017,3835,-2.89
辽宁,盘锦,2018,3987,3.96
辽宁,盘锦,2019,4355,9.23
辽宁,盘锦,2020,4392,0.85
辽宁,盘锦,2021,4346,-1.05
辽宁,盘锦,2022,4447,2.32
辽宁,盘锦,2023,4285,-3.64
辽宁,盘锦,2024,4379,2.19
辽宁,营口,2017,4560,
辽宁,营口,2018,4808,5.44
辽宁,营口,2019,4901,1.93
辽宁,营口,2020,4948,0.96
辽宁,营口,2021,4951,0.06
辽宁,营口,2022,4856,-1.92
辽宁,营口,2023,4373,-9.95
辽宁,营口,2024,4334,-0.89
辽宁,葫芦岛,2015,5632,
辽宁,葫芦岛,2016,4857,-13.76
辽宁,葫芦岛,2017,5407,11.32
辽宁,葫芦岛,2018,5665,4.77
辽宁,葫芦岛,2019,5465,-3.53
辽宁,葫芦岛,2020,5597,2.42
辽宁,葫芦岛,2021,5423,-3.11
辽宁,葫芦岛,2022,5167,-4.72
辽宁,葫芦岛,2023,4866,-5.83
辽宁,葫芦岛,2024,4893,0.55
辽宁,辽阳,2015,4642,
辽宁,辽阳,2016,4516,-2.71
辽宁,辽阳,2017,4450,-1.46
辽宁,辽阳,2018,4540,2.02
辽宁,辽阳,2019,4736,4.32
辽宁,辽阳,2020,4678,-1.22
辽宁,辽阳,2021,4484,-4.15
辽宁,辽阳,2022,4225,-5.78
辽宁,辽阳,2023,3930,-6.98
辽宁,辽阳,2024,3978,1.22
辽宁,铁岭,2015,3917,
辽宁,铁岭,2016,3927,0.26
辽宁,铁岭,2017,4003,1.94
辽宁,铁岭,2018,4061,1.45
辽宁,铁岭,2019,4010,-1.26
辽宁,铁岭,2020,3979,-0.77
辽宁,铁岭,2021,3832,-3.69
辽宁,铁岭,2022,3705,-3.31
辽宁,铁岭,2023,3693,-0.32
辽宁,铁岭,2024,3672,-0.57
辽宁,锦州,2015,5048,
辽宁,锦州,2016,5063,0.30
辽宁,锦州,2017,5099,0.71
辽宁,锦州,2018,5077,-0.43
辽宁,锦州,2019,5823,14.69
辽宁,锦州,2020,5930,1.84
辽宁,锦州,2021,5361,-9.60
辽宁,锦州,2022,5327,-0.63
辽宁,锦州,2023,4793,-10.02
辽宁,锦州,2024,4753,-0.83
辽宁,阜新,2016,3762,
辽宁,阜新,2017,3753,-0.24
辽宁,阜新,2018,3712,-1.09
辽宁,阜新,2019,3681,-0.84
辽宁,阜新,2020,4014,9.05
辽宁,阜新,2021,3846,-4.19
辽宁,阜新,2022,4049,5.28
辽宁,阜新,2023,3868,-4.47
辽宁,阜新,2024,3907,1.01
辽宁,鞍山,2015,4600,
辽宁,鞍山,2016,4206,-8.57
辽宁,鞍山,2017,4372,3.95
辽宁,鞍山,2018,4287,-1.94
辽宁,鞍山,2019,4580,6.83
辽宁,鞍山,2020,4677,2.12
辽宁,鞍山,2021,4517,-3.42
辽宁,鞍山,2022,4632,2.55
辽宁,鞍山,2023,4087,-11.77
辽宁,鞍山,2024,4205,2.89
重庆,重庆,2010,5967,
重庆,重庆,2011,6530,9.44
重庆,重庆,2012,6497,-0.51
重庆,重庆,2013,6840,5.28
重庆,重庆,2014,6664,-2.57
重庆,重庆,2015,6238,-6.39
重庆,重庆,2016,7433,19.16
重庆,重庆,2017,9845,32.45
重庆,重庆,2018,11983,21.72
重庆,重庆,2019,11106,-7.32
重庆,重庆,2020,11207,0.91
重庆,重庆,2021,12499,11.53
重庆,重庆,2022,11767,-5.86
重庆,重庆,2023,10156,-13.69
重庆,重庆,2024,9993,-1.60
陕西,咸阳,2015,5058,
陕西,咸阳,2016,4333,-14.33
陕西,咸阳,2017,4876,12.53
陕西,咸阳,2018,6869,40.87
陕西,咸阳,2019,7584,10.41
陕西,咸阳,2020,7706,1.61
陕西,咸阳,2021,8885,15.30
陕西,咸阳,2022,8706,-2.01
陕西,咸阳,2023,7593,-12.78
陕西,咸阳,2024,7687,1.24
陕西,商洛,2019,4691,
陕西,商洛,2020,5059,7.84
陕西,商洛,2021,5743,13.52
陕西,商洛,2022,5497,-4.28
陕西,商洛,2023,6215,13.06
陕西,商洛,2024,6431,3.48
陕西,安康,2015,4006,
陕西,安康,2016,4230,5.59
陕西,安康,2017,4244,0.33
陕西,安康,2018,4685,10.39
陕西,安康,2019,5227,11.57
陕西,安康,2020,5203,-0.46
陕西,安康,2021,5246,0.83
陕西,安康,2022,5107,-2.65
陕西,安康,2023,5342,4.60
陕西,安康,2024,5360,0.34
陕西,宝鸡,2015,3817,
陕西,宝鸡,2016,3734,-2.17
陕西,宝鸡,2017,4111,10.10
陕西,宝鸡,2018,4798,16.71
陕西,宝鸡,2019,5192,8.21
陕西,宝鸡,2020,5093,-1.91
陕西,宝鸡,2021,5225,2.59
陕西,宝鸡,2022,5111,-2.18
陕西,宝鸡,2023,4602,-9.96
陕西,宝鸡,2024,4553,-1.06
陕西,延安,2018,5094,
陕西,延安,2019,6005,17.88
陕西,延安,2020,5997,-0.13
陕西,延安,2021,6351,5.90
陕西,延安,2022,6182,-2.66
陕西,延安,2023,5935,-4.00
陕西,延安,2024,6005,1.18
陕西,榆林,2016,5934,
陕西,榆林,2017,6020,1.45
陕西,榆林,2018,6187,2.77
陕西,榆林,2019,6884,11.27
陕西,榆林,2020,6914,0.44
陕西,榆林,2021,8655,25.18
陕西,榆林,2022,10208,17.94
陕西,榆林,2023,9361,-8.30
陕西,榆林,2024,9354,-0.07
陕西,汉中,2015,3635,
陕西,汉中,2016,3548,-2.39
陕西,汉中,2017,4079,14.97
陕西,汉中,2018,4735,16.08
陕西,汉中,2019,4966,4.88
陕西,汉中,2020,5097,2.64
陕西,汉中,2021,5478,7.47
陕西,汉中,2022,5671,3.52
陕西,汉中,2023,5173,-8.78
陕西,汉中,2024,5101,-1.39
陕西,渭南,2018,5388,
陕西,渭南,2019,4998,-7.24
陕西,渭南,2020,5022,0.48
陕西,渭南,2021,5140,2.35
陕西,渭南,2022,5026,-2.22
陕西,渭南,2023,5305,5.55
陕西,渭南,2024,5307,0.04
陕西,西安,2010,7126,
陕西,西安,2011,7126,0.00
陕西,西安,2012,6650,-6.68
陕西,西安,2013,6737,1.31
陕西,西安,2014,6938,2.98
陕西,西安,2015,6398,-7.78
陕西,西安,2016,6461,0.98
陕西,西安,2017,8808,36.33
陕西,西安,2018,12109,37.48
陕西,西安,2019,12343,1.93
陕西,西安,2020,12397,0.44
陕西,西安,2021,13866,11.85
陕西,西安,2022,14492,4.51
陕西,西安,2023,12960,-10.57
陕西,西安,2024,12849,-0.86
陕西,铜川,2019,5241,
陕西,铜川,2020,5410,3.22
陕西,铜川,2021,4962,-8.28
陕西,铜川,2022,5004,0.85
陕西,铜川,2023,4337,-13.33
陕西,铜川,2024,4091,-5.67
青海,海东,2019,10522,
青海,海东,2020,10565,0.41
青海,海东,2021,8387,-20.62
青海,海东,2022,7969,-4.98
青海,海东,2023,8588,7.77
青海,海东,2024,8316,-3.17
青海,海南,2019,7029,
青海,海南,2020,7001,-0.40
青海,海南,2021,7001,0.00
青海,海南,2022,7001,0.00
青海,海南,2023,7001,0.00
青海,海南,2024,7001,0.00
青海,海西,2021,4788,
青海,海西,2022,4579,-4.37
青海,海西,2023,4428,-3.30
青海,海西,2024,4441,0.29
青海,西宁,2015,4343,
青海,西宁,2016,6339,45.96
青海,西宁,2017,6478,2.19
青海,西宁,2018,7433,14.74
青海,西宁,2019,9089,22.28
青海,西宁,2020,9542,4.98
青海,西宁,2021,10405,9.04
青海,西宁,2022,9609,-7.65
青海,西宁,2023,8592,-10.58
青海,西宁,2024,8642,0.58
香港,香港,2019,10849,
香港,香港,2020,10849,0.00
香港,香港,2021,10849,0.00
香港,香港,2022,10849,0.00
香港,香港,2023,10849,0.00
香港,香港,2024,10849,0.00
黑龙江,七台河,2019,3393,
黑龙江,七台河,2020,3393,0.00
黑龙江,七台河,2021,3392,-0.03
黑龙江,七台河,2022,3378,-0.41
黑龙江,七台河,2023,3583,6.07
黑龙江,七台河,2024,3580,-0.08
黑龙江,伊春,2019,4698,
黑龙江,伊春,2020,4698,0.00
黑龙江,伊春,2021,4970,5.79
黑龙江,伊春,2022,5118,2.98
黑龙江,伊春,2023,5117,-0.02
黑龙江,伊春,2024,5251,2.62
黑龙江,佳木斯,2015,3671,
黑龙江,佳木斯,2016,3680,0.25
黑龙江,佳木斯,2017,4064,10.43
黑龙江,佳木斯,2018,4352,7.09
黑龙江,佳木斯,2019,4597,5.63
黑龙江,佳木斯,2020,4672,1.63
黑龙江,佳木斯,2021,4598,-1.58
黑龙江,佳木斯,2022,4358,-5.22
黑龙江,佳木斯,2023,3934,-9.73
黑龙江,佳木斯,2024,4056,3.10
黑龙江,双鸭山,2019,2821,
黑龙江,双鸭山,2020,2870,1.74
黑龙江,双鸭山,2021,2753,-4.08
黑龙江,双鸭山,2022,2972,7.95
黑龙江,双鸭山,2023,3443,15.85
黑龙江,双鸭山,2024,3475,0.93
黑龙江,哈尔滨,2011,7466,
黑龙江,哈尔滨,2012,6944,-6.99
黑龙江,哈尔滨,2013,7442,7.17
黑龙江,哈尔滨,2014,8222,10.48
黑龙江,哈尔滨,2015,9057,10.16
黑龙江,哈尔滨,2016,7563,-16.50
黑龙江,哈尔滨,2017,8281,9.49
黑龙江,哈尔滨,2018,9545,15.26
黑龙江,哈尔滨,2019,9825,2.93
黑龙江,哈尔滨,2020,10042,2.21
黑龙江,哈尔滨,2021,9639,-4.01
黑龙江,哈尔滨,2022,8908,-7.58
黑龙江,哈尔滨,2023,8097,-9.10
黑龙江,哈尔滨,2024,8236,1.72
黑龙江,大兴安岭,2019,3356,
黑龙江,大兴安岭,2020,3356,0.00
黑龙江,大兴安岭,2021,2970,-11.50
黑龙江,大兴安岭,2022,2970,0.00
黑龙江,大兴安岭,2023,3436,15.69
黑龙江,大兴安岭,2024,3444,0.23
黑龙江,大庆,2015,5032,
黑龙江,大庆,2016,5059,0.54
黑龙江,大庆,2017,5141,1.62
黑龙江,大庆,2018,5248,2.08
黑龙江,大庆,2019,5338,1.71
黑龙江,大庆,2020,5322,-0.30
黑龙江,大庆,2021,5062,-4.89
黑龙江,大庆,2022,4877,-3.65
黑龙江,大庆,2023,4720,-3.22
黑龙江,大庆,2024,4751,0.66
黑龙江,牡丹江,2015,4083,
黑龙江,牡丹江,2016,4218,3.31
黑龙江,牡丹江,2017,4778,13.28
黑龙江,牡丹江,2018,5083,6.38
黑龙江,牡丹江,2019,5614,10.45
黑龙江,牡丹江,2020,5553,-1.09
黑龙江,牡丹江,2021,5278,-4.95
黑龙江,牡丹江,2022,4771,-9.61
黑龙江,牡丹江,2023,4260,-10.71
黑龙江,牡丹江,2024,4228,-0.75
黑龙江,绥化,2015,3576,
黑龙江,绥化,2016,3497,-2.21
黑龙江,绥化,2017,3538,1.17
黑龙江,绥化,2018,3778,6.78
黑龙江,绥化,2019,4282,13.34
黑龙江,绥化,2020,4535,5.91
黑龙江,绥化,2021,4927,8.64
黑龙江,绥化,2022,4888,-0.79
黑龙江,绥化,2023,4348,-11.05
黑龙江,绥化,2024,4395,1.08
黑龙江,鸡西,2015,3176,
黑龙江,鸡西,2016,3185,0.28
黑龙江,鸡西,2017,3337,4.77
黑龙江,鸡西,2018,3524,5.60
黑龙江,鸡西,2019,3809,8.09
黑龙江,鸡西,2020,3810,0.03
黑龙江,鸡西,2021,4186,9.87
黑龙江,鸡西,2022,4152,-0.81
黑龙江,鸡西,2023,4408,6.17
黑龙江,鸡西,2024,4330,-1.77
黑龙江,鹤岗,2019,1932,
黑龙江,鹤岗,2020,2022,4.66
黑龙江,鹤岗,2021,2162,6.92
黑龙江,鹤岗,2022,2077,-3.93
黑龙江,鹤岗,2023,1927,-7.22
黑龙江,鹤岗,2024,1874,-2.75
黑龙江,黑河,2019,3930,
黑龙江,黑河,2020,3961,0.79
黑龙江,黑河,2021,4432,11.89
黑龙江,黑河,2022,4018,-9.34
黑龙江,黑河,2023,4634,15.33
黑龙江,黑河,2024,4741,2.31
黑龙江,齐齐哈尔,2015,5220,
黑龙江,齐齐哈尔,2016,5182,-0.73
黑龙江,齐齐哈尔,2017,5143,-0.75
黑龙江,齐齐哈尔,2018,5393,4.86
黑龙江,齐齐哈尔,2019,5488,1.76
黑龙江,齐齐哈尔,2020,5532,0.80
黑龙江,齐齐哈尔,2021,5538,0.11
黑龙江,齐齐哈尔,2022,4927,-11.03
黑龙江,齐齐哈尔,2023,4751,-3.57
黑龙江,齐齐哈尔,2024,4769,0.38
